mag,lng,lat,depth,when
2.8,-150.646,63.199,132.1,2026-08-16T12:12:38Z
4.5,120.5397,-7.5636,10.0,2026-08-16T12:37:51Z
3.1,-150.766,60.908,5.8,2026-08-16T12:54:58Z
4.5,-176.1623,-27.7603,10.0,2026-08-16T13:26:49Z
4.2,119.8489,-8.4004,10.0,2026-08-16T13:36:01Z
5.0,120.5649,-7.9323,10.0,2026-08-16T13:38:39Z
4.3,121.2324,-8.0732,10.0,2026-08-16T14:38:22Z
2.6,-139.1253,61.2116,5.0,2026-08-16T14:46:40Z
3.16,-67.3278333333333,18.147,7.4,2026-08-16T14:59:17Z
3.14,-66.7815,19.002,24.45,2026-08-16T15:04:51Z
3.05,-67.3213333333333,18.1488333333333,6.96,2026-08-16T15:06:23Z
4.5,120.7818,-7.935,10.0,2026-08-16T15:09:54Z
4.0,142.4257,45.7459,316.823,2026-08-16T15:19:45Z
3.03,-155.675,20.2526666666667,41.14,2026-08-16T15:25:30Z
2.5,-104.84,37.7243,5.0,2026-08-16T15:41:03Z
4.2,120.2041,-8.1655,10.0,2026-08-16T15:49:27Z
5.3,-93.1987,14.1201,10.0,2026-08-16T15:52:47Z
4.4,120.394,-7.8815,10.0,2026-08-16T15:58:55Z
4.8,-72.0102,-32.7212,15.565,2026-08-16T16:32:52Z
4.6,-66.6232,-23.8787,200.516,2026-08-16T16:40:37Z
4.5,-72.0386,-32.733,10.0,2026-08-16T16:57:32Z
4.2,-93.1407,14.2635,10.0,2026-08-16T17:10:51Z
4.9,-20.2621,-22.5225,10.0,2026-08-16T17:11:07Z
4.9,120.4492,-7.9178,10.237,2026-08-16T17:26:14Z
2.65,-125.106333333333,40.405,10.0,2026-08-16T17:36:06Z
3.2,-64.5618333333333,18.2135,29.89,2026-08-16T18:18:55Z
4.6,120.5257,-8.1314,10.0,2026-08-16T19:06:04Z
4.5,-20.2172,-22.5694,10.0,2026-08-16T19:51:25Z
2.53,-124.817166666667,40.4941666666667,21.7,2026-08-16T20:21:46Z
2.65,-67.3435,18.3508333333333,23.74,2026-08-16T20:32:09Z
2.78,-117.589,34.0115,5.59,2026-08-16T20:35:29Z
4.5,-67.284,-24.352,174.627,2026-08-16T21:06:07Z
4.4,129.5388,-7.0957,166.68,2026-08-16T21:28:19Z
4.0,130.1715,33.4995,10.0,2026-08-16T21:37:17Z
4.0,-92.9387,13.726,49.009,2026-08-16T21:43:12Z
4.4,120.5274,-8.1548,10.0,2026-08-16T21:48:42Z
4.5,122.8873,-6.616,10.0,2026-08-16T21:53:05Z
4.4,138.9837,-2.6124,36.565,2026-08-16T22:02:28Z
4.1,33.1624,44.3908,10.0,2026-08-16T22:22:07Z
3.9,122.4951,-6.6586,10.0,2026-08-16T22:22:35Z
4.3,120.9833,-8.6328,10.0,2026-08-16T22:44:21Z
4.2,120.716,-8.6061,10.0,2026-08-16T23:29:07Z
5.0,-178.615,-17.7723,553.036,2026-08-17T00:08:06Z
2.5,-151.962,61.119,114.6,2026-08-17T00:18:22Z
4.2,120.9653,-8.1299,10.0,2026-08-17T00:21:52Z
4.6,-174.2817,-23.2478,10.0,2026-08-17T00:25:55Z
4.5,120.1614,-8.0332,35.0,2026-08-17T00:27:36Z
5.5,121.4763,-8.2878,7.122,2026-08-17T00:46:39Z
4.7,120.3904,-7.8033,16.235,2026-08-17T00:53:01Z
4.5,120.4738,-7.7905,10.872,2026-08-17T00:56:34Z
4.6,120.5328,-8.4957,9.265,2026-08-17T00:59:19Z
4.7,121.2645,-8.3766,10.0,2026-08-17T01:00:38Z
4.2,69.5339,38.3281,10.0,2026-08-17T01:01:31Z
4.5,120.4398,-7.8539,10.0,2026-08-17T01:31:01Z
4.5,120.3644,-7.8875,10.0,2026-08-17T01:33:01Z
3.55,-64.9306,18.7603,18.0,2026-08-17T01:40:21Z
4.6,120.4085,-7.7118,10.0,2026-08-17T01:42:12Z
4.4,120.4651,-7.8899,10.0,2026-08-17T01:49:02Z
4.3,120.2837,-7.8911,10.0,2026-08-17T01:55:04Z
4.3,121.5619,-8.1929,10.0,2026-08-17T02:09:00Z
3.14,-64.9165,18.709,36.12,2026-08-17T02:10:15Z
3.5,-143.311,60.171,1.1,2026-08-17T02:11:06Z
4.4,-68.4584,-31.2034,107.796,2026-08-17T02:21:23Z
2.7,-151.332,60.901,94.3,2026-08-17T02:38:34Z
4.7,120.3668,-7.7101,27.669,2026-08-17T02:39:20Z
4.2,121.5417,-8.4889,10.0,2026-08-17T02:58:28Z
3.1,-150.679,63.2,133.9,2026-08-17T03:00:58Z
4.3,131.9955,31.7019,17.412,2026-08-17T03:06:54Z
4.2,120.2279,-10.6193,17.088,2026-08-17T03:15:41Z
4.9,121.0365,-8.0961,10.0,2026-08-17T03:33:52Z
5.2,121.2002,-8.1503,10.0,2026-08-17T03:36:38Z
5.1,121.1401,-8.2581,10.0,2026-08-17T03:48:02Z
4.7,125.3792,24.1109,10.0,2026-08-17T04:54:44Z
4.2,120.4142,-7.78,10.0,2026-08-17T05:05:25Z
3.8,-150.655,59.604,34.9,2026-08-17T05:07:49Z
4.3,120.8038,-8.3506,10.0,2026-08-17T05:09:10Z
4.5,175.3198,-38.8924,177.216,2026-08-17T05:18:41Z
4.6,120.169,-8.0275,10.0,2026-08-17T05:58:49Z
4.4,120.1059,-10.5877,22.805,2026-08-17T06:32:00Z
4.3,122.1935,-8.1991,203.242,2026-08-17T06:34:46Z
2.5,-150.871,59.967,15.5,2026-08-17T06:50:05Z
4.8,147.0524,14.4156,10.0,2026-08-17T06:55:10Z
4.4,120.6197,-7.8305,10.0,2026-08-17T07:13:53Z
3.0,-149.615,62.852,89.6,2026-08-17T07:17:16Z
4.8,121.1532,-8.4033,12.843,2026-08-17T07:20:29Z
4.5,135.5619,34.9012,370.544,2026-08-17T07:36:19Z
4.4,-66.9375,-21.4258,243.248,2026-08-17T07:59:11Z
3.76,-64.4056,18.9161,14.0,2026-08-17T08:02:56Z
2.55,-121.996333333333,37.9513333333333,16.13,2026-08-17T08:18:41Z
4.3,-179.6329,-23.8973,510.04,2026-08-17T08:38:58Z
4.6,121.3396,-8.0573,10.0,2026-08-17T08:51:56Z
5.0,121.4184,-8.312,10.0,2026-08-17T09:16:04Z
2.9,-152.817,59.853,102.1,2026-08-17T09:23:55Z
2.66,-120.475666666667,34.5345,4.81,2026-08-17T09:42:46Z
5.3,120.4341,-7.8141,10.0,2026-08-17T10:42:41Z
5.4,120.4192,-7.9023,10.0,2026-08-17T10:44:49Z
4.8,120.7043,-7.7806,10.0,2026-08-17T11:00:13Z
5.4,149.452,-6.3828,35.0,2026-08-17T11:00:22Z
4.4,-27.0592,-55.8348,56.629,2026-08-17T12:03:57Z
2.54,-120.487,34.5343333333333,6.8,2026-08-17T12:08:23Z
3.6,-145.377,69.66,8.8,2026-08-17T12:18:20Z
4.5,119.7706,-8.2054,10.0,2026-08-17T12:19:35Z
4.1,120.4687,-7.7932,10.0,2026-08-17T12:21:39Z
4.5,121.7979,-6.9781,10.0,2026-08-17T12:33:21Z
5.8,159.6941,52.9895,66.746,2026-08-17T12:38:04Z
4.9,120.3696,-7.9923,10.0,2026-08-17T12:39:35Z
4.3,120.5542,-8.1397,10.0,2026-08-17T12:48:48Z
5.0,120.4892,-8.1972,10.0,2026-08-17T12:51:03Z
2.7,-104.8528,37.5742,5.0,2026-08-17T13:06:00Z
4.4,126.229,5.0231,114.355,2026-08-17T13:26:34Z
5.0,120.345,-8.221,10.0,2026-08-17T13:58:34Z
4.4,121.334,-8.3779,10.0,2026-08-17T14:12:28Z
4.2,120.7217,-7.7764,10.0,2026-08-17T14:22:08Z
4.2,120.2153,-7.8322,10.0,2026-08-17T15:16:47Z
4.2,96.5215,1.9571,10.0,2026-08-17T16:03:21Z
4.3,120.1127,-8.1551,10.0,2026-08-17T16:08:45Z
4.4,167.3399,-14.6214,194.053,2026-08-17T16:12:47Z
2.53,-118.832,37.4473333333333,3.68,2026-08-17T17:11:58Z
4.2,121.2601,80.6261,10.0,2026-08-17T17:31:24Z
2.6,-66.9606666666667,17.9473333333333,12.82,2026-08-17T18:03:07Z
4.6,117.182,-7.029,492.2,2026-08-17T18:10:05Z
4.3,95.6928,2.5086,10.0,2026-08-17T18:19:45Z
2.8,-151.609,59.716,59.3,2026-08-17T18:33:59Z
4.9,138.3349,9.6967,10.0,2026-08-17T18:51:11Z
4.06,-155.827333333333,19.3153333333333,23.0,2026-08-17T19:24:08Z
2.8,-106.946,34.6299,5.0,2026-08-17T19:44:20Z
4.9,7.0817,77.5472,10.0,2026-08-17T19:51:23Z
4.6,-20.2946,-22.5639,10.0,2026-08-17T20:20:26Z
4.5,-154.894,57.279,57.9,2026-08-17T20:35:10Z
4.5,120.1384,-8.0325,10.0,2026-08-17T21:04:57Z
5.1,151.4834,46.4513,85.946,2026-08-17T21:36:35Z
3.0,-124.886833333333,40.3405,14.89,2026-08-17T22:13:09Z
4.2,121.3379,-8.4601,10.0,2026-08-17T22:19:28Z
3.0,-146.648,66.967,13.0,2026-08-17T22:35:16Z
2.5,-164.443,53.423,10.0,2026-08-17T22:39:42Z
4.2,120.039,-7.7278,10.0,2026-08-17T22:48:22Z
4.4,120.0616,-8.2464,10.0,2026-08-17T22:48:40Z
5.3,138.2894,9.6599,10.0,2026-08-17T22:53:11Z
4.2,120.3104,-8.2912,10.0,2026-08-18T00:03:26Z
2.8,-162.5526,54.0145,12.636,2026-08-18T00:31:05Z
2.9,177.0749,51.8224,13.312,2026-08-18T00:47:19Z
4.7,167.2355,-14.9241,153.77,2026-08-18T00:47:58Z
4.8,-179.0344,-21.9188,576.635,2026-08-18T01:10:03Z
4.3,120.7019,-8.1661,10.0,2026-08-18T01:21:34Z
3.42,-65.7171666666667,19.417,45.06,2026-08-18T01:32:58Z
3.0,-146.865,67.624,10.0,2026-08-18T01:58:23Z
4.4,119.9378,-8.1625,10.0,2026-08-18T02:06:36Z
2.5,-173.039,51.887,61.2,2026-08-18T02:19:38Z
2.9,-154.087,68.025,3.3,2026-08-18T02:31:40Z
4.2,149.7809,-1.5808,10.0,2026-08-18T02:38:09Z
4.8,120.2686,-8.143,10.0,2026-08-18T02:42:33Z
3.1,-160.1257,54.4945,35.0,2026-08-18T02:48:32Z
3.87,-68.9501,18.3641,103.0,2026-08-18T03:33:07Z
3.0,-106.9358,34.5856,5.0,2026-08-18T03:40:13Z
2.6,-173.413,51.526,20.0,2026-08-18T03:42:58Z
2.7,176.9125,51.849,10.0,2026-08-18T04:05:08Z
4.5,120.4234,-7.7942,10.0,2026-08-18T04:16:26Z
2.6,-176.224,50.378,15.6,2026-08-18T04:26:59Z
2.7,-169.554,64.899,5.0,2026-08-18T04:31:56Z
3.1,-174.2095,51.3163,10.0,2026-08-18T04:33:56Z
4.1,121.254,-8.2893,10.0,2026-08-18T04:42:46Z
2.98,-64.6568333333333,18.8298333333333,16.19,2026-08-18T04:49:46Z
5.8,-93.1503,14.1863,10.0,2026-08-18T05:02:31Z
4.3,-93.1159,14.1612,13.935,2026-08-18T05:25:02Z
4.4,120.8421,-8.037,10.0,2026-08-18T05:41:20Z
4.0,-91.9283,13.9862,36.501,2026-08-18T05:42:25Z
5.6,98.4357,-0.5829,10.0,2026-08-18T06:02:20Z
3.0,176.9592,51.9067,10.0,2026-08-18T06:03:06Z
3.2,176.3336,52.0168,10.0,2026-08-18T06:12:12Z
4.2,125.9335,-4.2521,378.555,2026-08-18T06:45:39Z
4.6,-178.4306,-31.8623,35.0,2026-08-18T06:57:46Z
4.8,153.6293,-5.5405,35.0,2026-08-18T06:58:33Z
3.8,-67.0068,10.6791,17.389,2026-08-18T07:07:16Z
2.7,-174.9696,51.671,26.104,2026-08-18T07:16:49Z
4.4,167.9852,-18.2781,66.857,2026-08-18T07:35:42Z
4.4,133.5244,-2.0424,40.602,2026-08-18T07:39:14Z
2.9,-153.987,56.585,34.1,2026-08-18T07:48:02Z
2.53,-64.8353333333333,18.1481666666667,16.48,2026-08-18T08:02:38Z
3.4,176.8919,51.8603,10.0,2026-08-18T08:31:45Z
4.9,-3.6589,37.1267,10.0,2026-08-18T08:37:44Z
4.9,120.4909,-7.8346,10.0,2026-08-18T09:01:36Z
4.5,-177.1847,-24.794,131.01,2026-08-18T09:02:35Z
3.3,-161.5087,54.4067,35.0,2026-08-18T09:04:45Z
4.6,-3.7294,37.098,10.0,2026-08-18T09:34:37Z
2.6,178.3195,51.8469,115.384,2026-08-18T10:20:50Z
2.7,176.9812,51.9473,8.026,2026-08-18T10:27:36Z
4.4,-3.6657,37.1044,10.0,2026-08-18T10:39:43Z
3.1,176.2943,51.9651,3.758,2026-08-18T10:51:56Z
2.7,176.925,51.913,4.6,2026-08-18T10:58:56Z
2.9,-177.8414,51.3809,52.635,2026-08-18T11:00:30Z
4.7,120.4564,-7.8287,10.0,2026-08-18T11:06:50Z
2.5,-137.676,57.942,11.6,2026-08-18T11:31:05Z
4.6,-175.262,-24.8223,10.0,2026-08-18T11:55:27Z
4.9,120.6152,-7.8872,10.0,2026-08-18T12:00:10Z
4.8,120.5671,-7.9446,10.0,2026-08-18T12:03:47Z
2.9,177.0508,51.8148,10.0,2026-08-18T12:24:48Z
4.5,120.4285,-7.9425,10.0,2026-08-18T12:28:03Z
4.5,120.4065,-8.0325,10.0,2026-08-18T12:30:48Z
2.7,176.942,52.205,16.3,2026-08-18T12:32:58Z
2.9,176.9238,51.7518,2.012,2026-08-18T12:42:30Z
4.4,138.8918,-2.5482,35.0,2026-08-18T12:57:33Z
2.6,-179.857,50.986,10.3,2026-08-18T13:03:13Z
3.4,-166.8622,53.1166,26.788,2026-08-18T13:05:17Z
2.69,-119.214,33.7623333333333,0.74,2026-08-18T13:12:45Z
4.3,120.8127,-8.5414,10.0,2026-08-18T13:13:54Z
4.4,76.5656,32.4633,10.0,2026-08-18T13:24:47Z
3.2,176.9264,51.9286,10.0,2026-08-18T13:40:35Z
4.6,-175.3672,-24.775,10.0,2026-08-18T13:48:08Z
4.3,121.0129,-7.83,10.0,2026-08-18T13:55:23Z
4.7,121.0763,-7.8772,10.0,2026-08-18T13:57:30Z
4.3,76.582,32.3616,10.0,2026-08-18T14:09:58Z
2.62,-155.405,19.2703333333333,28.54,2026-08-18T14:18:38Z
2.6,-173.727,51.468,20.0,2026-08-18T14:36:16Z
4.5,120.5511,-8.0413,10.0,2026-08-18T14:50:24Z
2.72,-124.8765,40.354,17.58,2026-08-18T14:59:49Z
2.77,-116.5121,38.4421,6.125,2026-08-18T15:12:03Z
4.0,124.4092,5.443,12.97,2026-08-18T15:35:55Z
2.55,-123.218166666667,40.8708333333333,30.78,2026-08-18T15:59:17Z
3.42,-64.8475,19.0803333333333,33.93,2026-08-18T16:33:26Z
4.5,-177.7054,-20.0224,407.967,2026-08-18T16:48:10Z
2.5,-179.6501,51.0951,14.959,2026-08-18T17:59:02Z
2.54,-119.013,39.3336,7.097,2026-08-18T18:00:14Z
4.5,138.6099,9.8147,10.0,2026-08-18T18:01:08Z
4.6,-175.0821,-24.7454,10.0,2026-08-18T18:03:56Z
4.1,120.5816,-8.5977,10.0,2026-08-18T18:12:52Z
4.1,120.2543,-8.1915,10.0,2026-08-18T18:15:53Z
4.4,120.8504,-8.4566,10.0,2026-08-18T18:29:47Z
4.3,62.0831,34.5476,10.0,2026-08-18T18:51:08Z
4.9,121.2251,-8.349,10.0,2026-08-18T19:03:07Z
2.9,-150.174,60.762,49.3,2026-08-18T19:03:12Z
4.3,120.7301,-8.2855,10.0,2026-08-18T19:37:32Z
5.2,70.6871,36.4032,215.01,2026-08-18T19:51:10Z
4.3,84.2762,30.3201,10.0,2026-08-18T19:59:08Z
4.2,154.6792,-5.8189,297.055,2026-08-18T20:07:15Z
4.6,120.4967,-7.764,10.0,2026-08-18T20:08:02Z
4.9,121.2517,-8.2731,10.0,2026-08-18T20:15:41Z
4.4,120.4537,-8.2163,10.0,2026-08-18T20:19:42Z
4.7,121.1792,-8.3363,10.0,2026-08-18T20:28:55Z
4.3,120.4553,-8.6641,10.0,2026-08-18T20:31:40Z
2.6,-172.0301,51.9931,10.0,2026-08-18T20:46:23Z
4.7,121.5131,-8.3121,10.0,2026-08-18T20:50:15Z
2.9,-150.11,61.332,38.1,2026-08-18T20:56:40Z
2.7,-173.1894,51.4033,10.0,2026-08-18T21:06:16Z
4.7,121.4078,-8.1601,35.0,2026-08-18T21:11:40Z
4.3,120.749,-8.3744,10.0,2026-08-18T21:13:08Z
5.5,95.5713,37.8425,6.0,2026-08-18T21:36:27Z
2.61,-118.691,37.3456666666667,14.35,2026-08-18T21:54:59Z
4.4,95.414,37.7577,10.0,2026-08-18T21:59:55Z
4.5,120.4381,-8.0643,35.0,2026-08-18T22:26:55Z
4.3,68.4983,-5.0063,10.0,2026-08-18T22:31:10Z
4.2,119.9845,-8.3673,10.0,2026-08-18T22:32:49Z
2.8,-172.7195,50.7105,10.0,2026-08-18T22:54:27Z
4.3,121.0379,-8.4597,10.0,2026-08-18T23:39:23Z
4.2,-177.7569,-20.122,505.571,2026-08-18T23:53:51Z
2.7,-148.851,62.926,64.7,2026-08-18T23:59:09Z
4.6,121.2633,-8.2901,35.0,2026-08-18T23:59:16Z
4.4,159.8226,53.1732,64.025,2026-08-19T00:06:38Z
4.8,121.4467,-8.281,35.0,2026-08-19T00:11:39Z
4.5,149.0316,-5.4908,8.971,2026-08-19T00:56:23Z
2.9,-178.1188,51.3863,2.673,2026-08-19T01:27:16Z
2.6,-149.784,63.203,10.0,2026-08-19T01:34:56Z
4.6,121.0685,-8.194,10.0,2026-08-19T01:44:50Z
2.85,-116.4963,38.4312,11.4209,2026-08-19T01:59:46Z
3.01,-116.4914,38.432,11.6578,2026-08-19T01:59:59Z
2.5,-159.705,54.43,20.4,2026-08-19T02:19:22Z
4.5,-174.9847,-15.1753,223.522,2026-08-19T02:19:59Z
2.5,-168.343,52.784,45.2,2026-08-19T02:24:33Z
3.5,-160.1931,54.5222,35.0,2026-08-19T02:32:07Z
4.2,-14.647,-13.6259,10.0,2026-08-19T02:40:04Z
5.1,121.3236,-8.3648,10.0,2026-08-19T03:13:26Z
4.5,120.7052,-8.0997,10.0,2026-08-19T03:43:18Z
4.7,121.1037,19.1732,10.0,2026-08-19T04:22:54Z
4.6,-68.5504,-21.0841,124.186,2026-08-19T04:51:47Z
4.4,120.4912,-8.2516,10.0,2026-08-19T04:57:06Z
4.3,120.6764,-7.7292,10.0,2026-08-19T05:01:27Z
4.7,95.5256,37.8286,10.0,2026-08-19T05:22:24Z
2.9,-119.342,49.4239,10.0,2026-08-19T06:17:46Z
4.5,125.1792,5.4347,60.918,2026-08-19T06:29:45Z
2.7,-150.751,61.72,51.9,2026-08-19T06:31:59Z
4.3,120.9579,-8.13,10.0,2026-08-19T06:57:38Z
2.5,-160.3046,54.3661,10.0,2026-08-19T07:02:35Z
3.7,176.8807,51.8677,10.0,2026-08-19T07:25:52Z
2.9,176.8034,52.0694,5.658,2026-08-19T07:27:39Z
3.64,-116.652,33.4063333333333,4.73,2026-08-19T07:31:35Z
2.6,176.8311,52.0677,9.618,2026-08-19T07:44:19Z
3.7,-178.2891,51.2451,45.41,2026-08-19T08:22:38Z
4.1,72.58,37.9584,121.305,2026-08-19T08:34:13Z
4.3,121.6413,-8.3042,10.0,2026-08-19T08:40:30Z
4.7,-173.0172,-16.1024,10.0,2026-08-19T09:07:19Z
4.3,-77.5719,5.8735,10.0,2026-08-19T10:07:16Z
4.4,-76.9611,-12.3008,57.267,2026-08-19T10:28:05Z
4.2,156.4652,50.4225,87.323,2026-08-19T10:29:38Z
2.9,-174.3917,51.9678,18.175,2026-08-19T10:33:35Z
2.5,-177.9603,51.4557,61.289,2026-08-19T10:44:48Z
4.8,120.4676,-7.866,10.0,2026-08-19T10:44:59Z
4.8,125.2676,5.4131,80.772,2026-08-19T11:01:36Z
2.6,-171.3056,51.8652,35.0,2026-08-19T11:10:14Z
2.92,-66.3171666666667,18.5313333333333,75.13,2026-08-19T11:16:28Z
4.4,127.9523,29.0711,233.414,2026-08-19T11:43:27Z
3.7,178.0085,51.3881,31.044,2026-08-19T12:12:41Z
2.95,-64.9135,18.3661666666667,33.77,2026-08-19T12:13:55Z
4.4,106.5092,-5.8582,199.321,2026-08-19T12:19:02Z
4.4,122.0992,-6.9221,10.0,2026-08-19T12:21:29Z
4.3,120.223,-7.9247,10.0,2026-08-19T13:04:42Z
2.8,-152.37,62.238,10.0,2026-08-19T14:03:27Z
3.24,-64.6676666666667,18.6988333333333,53.78,2026-08-19T14:04:37Z
4.6,120.6178,-8.1452,10.0,2026-08-19T14:16:25Z
4.2,120.2225,-8.2579,10.0,2026-08-19T14:31:01Z
4.6,125.5023,-5.2129,540.02,2026-08-19T14:32:22Z
4.1,120.1957,-8.2374,10.0,2026-08-19T14:47:16Z
4.6,120.5772,-8.0736,10.0,2026-08-19T15:19:44Z
4.2,143.2813,41.8292,47.743,2026-08-19T15:50:20Z
5.5,120.558,-8.2075,10.0,2026-08-19T16:17:38Z
4.3,120.1421,-8.2619,10.0,2026-08-19T16:34:45Z
4.2,119.6916,-8.4608,10.0,2026-08-19T16:36:17Z
4.4,152.9494,-4.2785,91.018,2026-08-19T16:43:19Z
3.8,178.9654,51.8526,118.751,2026-08-19T16:49:43Z
2.7,-154.991,57.906,87.9,2026-08-19T17:18:04Z
4.8,126.6757,5.8585,10.0,2026-08-19T17:19:34Z
4.4,46.269,34.1608,10.0,2026-08-19T17:36:13Z
5.3,155.7599,49.5734,51.78,2026-08-19T18:07:18Z
2.9,178.3853,51.5456,54.32,2026-08-19T18:12:15Z
3.3,-153.469,60.096,163.8,2026-08-19T18:25:24Z
2.7,-173.2507,52.4747,9.072,2026-08-19T18:33:11Z
4.4,120.4334,-8.2709,10.0,2026-08-19T18:34:15Z
2.6,-151.05,62.918,113.8,2026-08-19T18:36:26Z
3.4,174.5282,51.193,10.0,2026-08-19T18:39:31Z
5.4,-178.6849,-17.8383,573.027,2026-08-19T18:45:30Z
4.1,-93.2435,14.0572,10.0,2026-08-19T18:56:04Z
4.5,120.4638,-8.2394,10.0,2026-08-19T19:11:18Z
3.2,-171.0911,52.1897,100.496,2026-08-19T19:31:02Z
3.7,-152.531,60.029,108.0,2026-08-19T19:51:43Z
4.4,166.3286,-11.8087,113.057,2026-08-19T20:02:20Z
4.1,179.2691,-21.7452,596.525,2026-08-19T20:02:51Z
2.59,-114.788,37.0482,5.6797,2026-08-19T20:05:08Z
4.6,-94.3414,17.574,180.301,2026-08-19T20:06:29Z
4.5,13.0474,66.9381,10.0,2026-08-19T21:06:48Z
4.3,120.3433,-8.3068,9.951,2026-08-19T21:08:37Z
4.4,-179.7942,-28.1363,338.826,2026-08-19T21:11:38Z
4.2,119.9342,-8.409,10.0,2026-08-19T21:30:15Z
4.4,121.2437,-7.6073,10.0,2026-08-19T21:32:14Z
4.3,120.1115,-8.2955,10.0,2026-08-19T21:35:33Z
4.2,56.0752,14.6505,10.0,2026-08-19T21:43:30Z
4.1,119.9421,-8.3345,10.0,2026-08-19T21:43:37Z
5.2,120.4454,-8.2828,10.0,2026-08-19T22:28:08Z
4.5,120.4936,-8.2037,10.0,2026-08-19T22:33:24Z
4.2,119.7463,-8.4707,10.0,2026-08-19T22:37:55Z
4.5,120.4098,-7.9443,10.0,2026-08-19T22:44:11Z
5.8,120.5442,-8.3418,10.0,2026-08-19T22:45:17Z
4.5,120.0407,-8.5819,13.35,2026-08-19T22:55:48Z
2.9,179.518,50.309,2.3,2026-08-19T23:05:52Z
4.5,120.4423,-8.1888,10.0,2026-08-19T23:10:17Z
4.6,120.5935,-8.2614,10.0,2026-08-19T23:20:13Z
4.6,120.3549,-8.3732,10.0,2026-08-19T23:52:24Z
2.7,176.9506,51.8689,10.0,2026-08-19T23:52:45Z
5.0,169.2335,-20.2995,69.934,2026-08-20T00:20:24Z
3.0,176.3193,52.007,2.762,2026-08-20T01:31:15Z
3.42,-64.4091666666667,18.823,4.46,2026-08-20T01:49:53Z
4.7,120.5716,-8.2567,10.0,2026-08-20T02:24:47Z
4.3,120.5308,-7.798,10.0,2026-08-20T02:41:15Z
2.5,-165.6208,53.2929,35.0,2026-08-20T02:42:24Z
4.0,178.7821,50.8835,10.0,2026-08-20T02:45:01Z
5.6,120.5308,-8.2328,10.0,2026-08-20T02:46:58Z
2.6,-151.01,62.994,118.5,2026-08-20T02:58:56Z
4.6,120.5899,-8.2526,10.0,2026-08-20T03:00:56Z
4.7,-67.1118,-24.3196,163.371,2026-08-20T03:09:06Z
4.5,120.2512,-8.3363,10.0,2026-08-20T03:36:45Z
2.77,-64.723,18.9418333333333,26.94,2026-08-20T03:54:39Z
2.94,-67.6003333333333,18.7431666666667,20.48,2026-08-20T03:57:05Z
4.3,120.2447,-7.9434,10.0,2026-08-20T03:59:26Z
4.7,120.5326,-8.2605,10.0,2026-08-20T04:23:56Z
4.7,120.2661,-7.9865,10.0,2026-08-20T04:33:22Z
2.8,-172.1987,50.8713,10.0,2026-08-20T04:36:42Z
3.0,176.2958,51.9863,6.462,2026-08-20T04:49:45Z
4.7,-70.3836,-24.3787,46.087,2026-08-20T04:52:52Z
2.5,-168.048,52.181,1.4,2026-08-20T04:57:50Z
2.6,176.4245,52.2019,75.759,2026-08-20T05:01:45Z
4.6,120.4649,-7.8919,9.879,2026-08-20T05:08:59Z
4.3,140.7756,36.4519,49.9,2026-08-20T05:28:40Z
2.72,-115.7455,36.712,7.2091,2026-08-20T05:37:25Z
3.0,-150.949,63.008,125.2,2026-08-20T05:39:49Z
4.6,159.6591,51.4374,10.0,2026-08-20T06:55:46Z
4.3,159.5735,51.1193,10.0,2026-08-20T07:36:03Z
4.2,-68.8556,-21.2697,124.994,2026-08-20T07:48:15Z
4.5,120.608,-8.2387,32.7,2026-08-20T07:50:33Z
5.0,120.3323,-8.2667,15.891,2026-08-20T07:55:03Z
4.5,120.5156,-8.0268,10.0,2026-08-20T07:58:26Z
5.0,120.4906,-8.2074,35.0,2026-08-20T08:01:33Z
4.3,120.2804,-8.0045,7.089,2026-08-20T08:12:26Z
2.5,-139.8902,60.5726,5.0,2026-08-20T08:25:50Z
2.58,-116.5065,38.442,6.2916,2026-08-20T08:27:02Z
3.01,-65.0173333333333,18.7753333333333,26.19,2026-08-20T08:32:09Z
2.6,-163.473,53.4332,35.0,2026-08-20T08:53:54Z
4.8,120.6397,-8.0089,30.903,2026-08-20T08:53:58Z
5.3,120.6701,-8.2215,10.0,2026-08-20T09:30:52Z
5.0,95.5387,37.793,10.0,2026-08-20T09:49:47Z
4.6,95.5341,37.8289,10.0,2026-08-20T10:05:40Z
4.6,120.8686,-7.9402,10.0,2026-08-20T10:08:26Z
3.7,176.3029,51.9652,8.748,2026-08-20T10:53:57Z
2.6,-174.9334,50.3276,35.203,2026-08-20T11:02:13Z
2.9,-152.862,60.033,120.4,2026-08-20T11:22:06Z
3.0,-149.217,61.185,28.5,2026-08-20T11:23:13Z
4.8,-178.6541,-17.8188,574.011,2026-08-20T12:27:36Z
4.5,121.216,-7.995,10.0,2026-08-20T12:28:48Z
2.6,-153.347,59.978,143.4,2026-08-20T13:11:15Z
4.4,171.4173,-22.4158,120.922,2026-08-20T13:14:32Z
2.69,-115.251333333333,32.2066666666667,8.28,2026-08-20T13:32:28Z
2.9,-108.5852,34.8227,10.0,2026-08-20T13:36:46Z
5.0,148.5466,-1.143,10.0,2026-08-20T13:55:00Z
2.8,176.2541,51.9464,10.0,2026-08-20T14:04:44Z
4.4,107.881,-8.0866,53.437,2026-08-20T14:31:33Z
3.7,-160.5987,55.2911,10.0,2026-08-20T14:46:39Z
4.2,143.0202,21.9582,207.389,2026-08-20T14:51:57Z
2.8,-136.396,59.03,5.0,2026-08-20T15:02:37Z
4.3,141.0635,-3.7909,35.0,2026-08-20T16:03:11Z
3.1,-136.37,59.024,2.0,2026-08-20T16:14:40Z
2.5,-166.1721,51.776,10.0,2026-08-20T16:33:47Z
4.4,119.9212,-8.5698,10.0,2026-08-20T16:37:43Z
2.8,-148.945,56.7264,10.0,2026-08-20T17:10:01Z
3.1,176.285,51.8819,23.401,2026-08-20T17:43:46Z
3.5,-148.103,61.566,12.4,2026-08-20T17:58:27Z
6.7,-73.6538,-14.5704,99.0,2026-08-20T18:00:18Z
5.6,121.3718,-8.297,10.0,2026-08-20T18:12:51Z
5.1,153.4364,-5.478,35.0,2026-08-20T18:25:20Z
5.0,120.2123,-8.3073,10.0,2026-08-20T18:30:02Z
2.8,176.3662,51.9365,10.0,2026-08-20T18:34:54Z
3.0,176.3928,52.0136,10.0,2026-08-20T19:07:03Z
4.5,120.9016,-7.9984,10.0,2026-08-20T19:15:34Z
5.0,121.2108,-8.402,10.0,2026-08-20T19:24:02Z
5.0,121.3645,-8.1732,10.0,2026-08-20T19:53:51Z
3.4,176.2873,51.9029,6.063,2026-08-20T20:23:33Z
4.4,-67.275,-24.3084,199.906,2026-08-20T20:35:00Z
4.0,-95.2089,15.9565,42.627,2026-08-20T20:38:37Z
4.7,120.7536,-7.7732,10.0,2026-08-20T20:52:26Z
4.3,-74.0081,-14.9979,78.591,2026-08-20T21:30:30Z
3.0,176.3227,51.9334,10.0,2026-08-20T21:42:13Z
3.1,176.3338,52.0115,10.0,2026-08-20T21:50:18Z
4.5,145.6136,15.9213,211.273,2026-08-20T21:57:40Z
2.6,-163.8246,54.1171,35.0,2026-08-20T22:05:06Z
2.8,-163.5796,54.0047,35.0,2026-08-20T22:05:24Z
3.0,176.3369,52.0203,10.0,2026-08-20T22:06:51Z
4.4,120.0515,-8.0159,10.0,2026-08-20T23:01:37Z
5.0,-141.5484,-56.8834,10.0,2026-08-20T23:36:41Z
3.2,176.3922,52.1975,10.0,2026-08-20T23:39:27Z
4.7,127.747,26.504,42.689,2026-08-21T00:01:20Z
3.2,176.4046,52.0742,10.0,2026-08-21T00:06:59Z
2.5,-104.223,31.655,6.5485,2026-08-21T01:04:41Z
3.4,-176.256,51.2809,6.837,2026-08-21T01:08:12Z
4.3,-165.2698,53.5721,50.137,2026-08-21T01:11:51Z
3.0,176.3352,52.0598,11.258,2026-08-21T01:13:26Z
4.6,120.6,-8.2718,10.0,2026-08-21T01:18:05Z
2.5,-165.243,53.417,4.4,2026-08-21T01:28:24Z
4.6,121.3386,-8.2424,10.0,2026-08-21T01:38:42Z
3.4,176.3321,52.0132,10.0,2026-08-21T01:49:26Z
2.5,-156.182,67.874,3.7,2026-08-21T01:50:57Z
4.3,33.5713,41.0198,10.0,2026-08-21T02:06:18Z
4.1,128.7243,2.6325,261.253,2026-08-21T02:12:27Z
4.4,120.4258,-8.2543,10.0,2026-08-21T02:17:21Z
4.6,120.5112,-8.3786,10.0,2026-08-21T02:33:07Z
3.73,-64.8648,19.4205,18.0,2026-08-21T02:36:49Z
3.4,-64.8143333333333,19.2751666666667,72.97,2026-08-21T02:41:18Z
4.2,-163.3413,53.9496,30.859,2026-08-21T03:14:24Z
4.2,-72.3118,-30.0905,10.0,2026-08-21T05:04:40Z
2.6,-163.0714,53.9406,40.861,2026-08-21T05:13:03Z
2.8,-163.1925,53.8925,10.0,2026-08-21T05:22:04Z
2.6,-168.259,52.359,4.2,2026-08-21T05:23:22Z
4.6,23.5016,-53.2119,10.0,2026-08-21T05:56:46Z
4.4,121.2622,-8.3137,10.0,2026-08-21T06:19:00Z
3.12,-109.8725,41.562,-2.84,2026-08-21T07:09:24Z
3.4,176.3281,52.0444,10.0,2026-08-21T07:21:30Z
3.2,-156.848,54.731,35.7,2026-08-21T07:55:55Z
5.1,-175.2565,-24.8208,10.0,2026-08-21T08:12:33Z
4.9,120.4643,-7.8322,35.067,2026-08-21T08:14:00Z
4.5,120.4425,-8.184,8.599,2026-08-21T08:30:16Z
4.4,120.5979,-8.2802,12.389,2026-08-21T08:54:58Z
5.2,125.342,9.3382,10.0,2026-08-21T09:12:20Z
5.1,125.5784,9.4833,10.0,2026-08-21T09:22:36Z
3.2,-104.435,31.654,6.7151,2026-08-21T09:40:15Z
3.5,-160.1073,54.4254,35.0,2026-08-21T09:56:29Z
4.5,146.7826,47.2192,350.501,2026-08-21T10:38:57Z
4.7,120.5639,-8.2545,9.287,2026-08-21T11:03:03Z
2.71,-125.171666666667,40.4218333333333,10.0,2026-08-21T11:10:50Z
4.5,120.5136,-8.1698,10.0,2026-08-21T11:16:52Z
4.5,125.4413,9.2627,10.0,2026-08-21T11:20:02Z
2.9,179.7233,51.3333,21.505,2026-08-21T11:22:35Z
4.6,120.9283,-8.2668,10.0,2026-08-21T11:54:49Z
4.5,130.0009,-6.4292,170.829,2026-08-21T11:55:28Z
5.4,140.4935,33.6984,65.527,2026-08-21T12:02:07Z
4.2,-93.3459,15.213,58.579,2026-08-21T12:07:22Z
4.7,-178.6766,-31.9442,75.841,2026-08-21T12:19:03Z
4.9,131.0317,-3.3338,10.0,2026-08-21T12:32:50Z
2.6,-165.8352,53.4074,26.851,2026-08-21T12:43:36Z
5.4,-26.5525,-58.837,151.97,2026-08-21T13:06:40Z
4.5,179.8055,-24.5302,522.254,2026-08-21T13:11:13Z
4.1,-175.4853,-18.4155,272.249,2026-08-21T13:26:17Z
3.4,-64.8663333333333,19.3255,11.74,2026-08-21T13:31:47Z
4.6,-27.6401,48.0431,10.0,2026-08-21T13:44:07Z
4.3,179.8615,-24.5215,525.13,2026-08-21T14:27:38Z
4.4,142.5974,28.6031,10.0,2026-08-21T15:08:31Z
2.98,-117.841666666667,36.0648333333333,2.7,2026-08-21T15:16:58Z
4.1,-175.658,-18.4604,271.116,2026-08-21T15:21:18Z
4.5,-105.5777,-35.3404,10.0,2026-08-21T15:49:25Z
4.5,120.1965,-8.4834,10.0,2026-08-21T16:05:29Z
4.6,-175.5959,-19.6215,272.943,2026-08-21T16:45:36Z
4.9,120.4191,-7.8211,10.0,2026-08-21T17:06:37Z
3.29,-117.841833333333,36.0685,2.54,2026-08-21T17:26:17Z
5.8,104.5854,-7.5318,9.0,2026-08-21T17:41:44Z
4.7,126.854,23.7035,10.0,2026-08-21T18:05:20Z
4.2,120.0374,-8.1573,10.0,2026-08-21T18:22:32Z
2.85,-119.644833333333,36.1316666666667,26.14,2026-08-21T18:37:42Z
4.2,104.5396,-7.6809,10.0,2026-08-21T18:40:30Z
3.4,-93.358,32.1138,5.0,2026-08-21T20:00:37Z
4.9,120.6371,-7.8778,10.0,2026-08-21T20:21:53Z
2.58,-117.1202,37.2141,8.278,2026-08-21T21:53:51Z
4.2,69.6674,34.6012,10.0,2026-08-21T21:54:47Z
4.3,130.0773,-7.7337,27.769,2026-08-21T21:55:19Z
4.4,158.5135,51.9213,69.547,2026-08-21T22:00:03Z
4.7,-68.8851,-25.5602,105.536,2026-08-21T22:26:03Z
2.9,-149.8368,56.1157,10.0,2026-08-21T23:56:41Z
4.4,-66.319,-22.5639,249.314,2026-08-22T00:03:40Z
4.2,-93.7556,16.7754,157.881,2026-08-22T00:36:04Z
5.2,120.5537,-8.1406,10.0,2026-08-22T01:30:58Z
5.3,-14.759,-12.7437,10.0,2026-08-22T01:34:57Z
4.7,-14.9975,-12.4487,10.0,2026-08-22T01:50:59Z
3.68,-64.7776,19.5103,11.0,2026-08-22T01:53:56Z
4.6,120.4149,-8.3321,10.0,2026-08-22T01:59:28Z
4.5,120.2316,13.4148,35.0,2026-08-22T02:26:38Z
4.3,142.6868,42.4385,97.024,2026-08-22T02:35:45Z
4.4,103.7887,-6.7914,23.424,2026-08-22T02:57:26Z
4.4,122.0921,24.4404,39.805,2026-08-22T03:40:14Z
2.7,176.4562,52.3359,79.924,2026-08-22T03:52:55Z
4.2,152.4951,47.5484,126.961,2026-08-22T04:00:34Z
5.0,125.5685,9.3576,10.0,2026-08-22T04:44:08Z
4.5,-78.6432,-10.7829,35.554,2026-08-22T04:45:13Z
2.7,-163.2261,53.9999,35.0,2026-08-22T05:09:39Z
3.1,176.2864,51.8534,10.0,2026-08-22T05:12:44Z
4.7,121.4321,-8.1767,10.0,2026-08-22T05:45:11Z
4.9,146.6988,13.8912,10.0,2026-08-22T05:47:07Z
3.7,-67.7711,19.039,71.0,2026-08-22T05:50:31Z
3.21,-67.5663333333333,18.8396666666667,17.23,2026-08-22T06:22:40Z
4.2,121.8095,-8.1749,10.0,2026-08-22T06:29:25Z
4.4,-176.5768,-26.4082,10.0,2026-08-22T06:36:53Z
5.0,126.722,6.7473,111.804,2026-08-22T06:43:39Z
4.3,-176.7927,-26.683,10.0,2026-08-22T06:53:36Z
2.6,-169.674,52.192,14.0,2026-08-22T06:57:35Z
4.9,-44.6845,12.5728,10.0,2026-08-22T07:21:25Z
5.7,-47.266,-60.2879,10.0,2026-08-22T07:40:12Z
3.9,-149.666,60.911,31.3,2026-08-22T07:42:40Z
4.6,145.3295,14.337,115.924,2026-08-22T07:43:51Z
2.65,-118.9978,39.3471,6.6455,2026-08-22T07:51:44Z
3.0,-161.3621,54.4411,35.0,2026-08-22T08:14:33Z
6.2,-47.6047,-60.3789,10.0,2026-08-22T08:22:37Z
4.8,120.6999,-7.8939,10.0,2026-08-22T08:29:00Z
3.27,-68.5321666666667,18.004,66.43,2026-08-22T08:59:30Z
3.41,-64.8276666666667,19.3886666666667,14.77,2026-08-22T09:06:50Z
2.5,-176.614,51.859,10.3,2026-08-22T10:02:45Z
4.0,-107.5958,35.2655,10.0,2026-08-22T10:19:13Z
2.7,-178.0614,51.2533,43.821,2026-08-22T11:39:55Z
2.6,-126.6956,41.8838,18.142,2026-08-22T13:00:47Z
3.0,176.3302,52.064,82.774,2026-08-22T14:34:51Z
4.7,100.4875,-3.2971,26.342,2026-08-22T16:33:04Z
4.6,120.5992,-7.8936,10.0,2026-08-22T16:42:56Z
5.8,140.1972,35.9675,61.0,2026-08-22T17:00:39Z
2.6,177.116,51.616,100.4,2026-08-22T17:02:10Z
4.5,100.862,-2.9378,37.761,2026-08-22T17:40:09Z
3.0,176.3409,52.0822,10.0,2026-08-22T18:15:47Z
3.0,-158.471,55.798,54.4,2026-08-22T18:19:18Z
2.9,176.2658,51.8398,10.0,2026-08-22T18:42:18Z
4.4,128.5478,28.1729,83.886,2026-08-22T18:44:56Z
4.6,-68.8154,-22.2087,105.459,2026-08-22T18:46:27Z
3.4,176.3508,52.0372,10.0,2026-08-22T18:55:56Z
4.0,176.3234,52.0413,10.0,2026-08-22T19:19:42Z
4.8,123.032,-0.1606,110.081,2026-08-22T19:54:07Z
3.2,-160.1253,54.0755,10.0,2026-08-22T20:03:46Z
3.7,176.3905,52.0166,10.0,2026-08-22T21:04:16Z
2.7,-159.8073,54.4198,35.0,2026-08-22T21:05:24Z
2.6,-156.605,67.436,2.0,2026-08-22T21:33:33Z
2.55,-66.8456666666667,17.881,10.24,2026-08-22T21:40:39Z
4.5,-93.2061,14.2546,10.0,2026-08-22T21:53:41Z
4.5,120.741,-8.1213,10.0,2026-08-22T22:01:02Z
4.4,71.381,36.6989,178.594,2026-08-22T22:14:43Z
2.6,-175.7807,51.8838,150.854,2026-08-22T22:26:22Z
3.3,-160.2407,54.5417,35.0,2026-08-22T22:28:46Z
4.4,141.9464,36.9649,35.0,2026-08-23T00:32:26Z
2.75,-120.470333333333,35.9213333333333,4.6,2026-08-23T00:47:53Z
2.7,-176.0707,51.3369,35.0,2026-08-23T00:52:39Z
3.32,-67.6825,18.9918333333333,19.92,2026-08-23T01:33:32Z
2.6,-179.8741,49.9422,10.0,2026-08-23T01:55:08Z
2.5,-163.0701,53.9487,35.0,2026-08-23T02:02:07Z
3.1,-155.752,61.967,2.3,2026-08-23T02:23:47Z
2.5,-174.98,50.821,5.3,2026-08-23T02:48:15Z
4.6,96.1264,17.7899,10.0,2026-08-23T03:44:56Z
4.6,-47.3868,-60.2801,10.0,2026-08-23T04:19:45Z
4.6,-47.2337,-60.2591,10.0,2026-08-23T04:23:47Z
2.5,-152.135,60.663,96.5,2026-08-23T04:29:14Z
3.3,-150.271,61.569,61.8,2026-08-23T05:02:35Z
3.4,-150.52,60.691,48.5,2026-08-23T05:06:04Z
4.2,120.4985,-0.0426,105.862,2026-08-23T05:11:42Z
4.3,-178.1271,-18.3622,572.73,2026-08-23T05:39:21Z
4.0,-65.2296,10.6621,10.0,2026-08-23T05:47:50Z
2.5,-139.9072,60.5851,5.0,2026-08-23T06:03:52Z
2.5,-166.5511,53.6191,84.376,2026-08-23T06:28:26Z
4.2,151.3715,43.2598,10.0,2026-08-23T06:43:10Z
3.41,-65.3983333333333,19.4295,45.63,2026-08-23T07:21:55Z
4.4,159.8353,51.5473,27.684,2026-08-23T07:24:09Z
3.8,-153.49,58.056,64.8,2026-08-23T07:42:22Z
4.0,176.5635,51.7241,42.432,2026-08-23T07:51:05Z
4.5,160.1585,51.3452,10.0,2026-08-23T07:52:53Z
2.8,-174.33,51.7271,51.98,2026-08-23T07:56:31Z
3.96264786337985,-117.838666666667,36.0671666666667,2.83,2026-08-23T07:59:55Z
3.36,-117.839333333333,36.0658333333333,2.55,2026-08-23T08:01:15Z
5.2,163.084,-10.8676,127.972,2026-08-23T08:12:38Z
2.65,-117.8375,36.0611666666667,2.63,2026-08-23T08:15:17Z
3.09,-67.3723333333333,18.7888333333333,4.98,2026-08-23T08:57:13Z
3.5077201994852,-117.841833333333,36.0655,2.78,2026-08-23T09:16:58Z
2.58,-122.948666666667,39.4956666666667,12.37,2026-08-23T09:37:08Z
4.6,74.4767,36.7596,45.456,2026-08-23T10:04:42Z
4.1,-61.0799,16.7766,40.589,2026-08-23T10:16:38Z
4.2,121.2979,20.4939,35.0,2026-08-23T10:31:54Z
4.3,146.8216,-6.2034,103.003,2026-08-23T10:44:51Z
4.5,161.2115,-10.1488,63.754,2026-08-23T11:11:57Z
5.3,-14.8524,-12.8299,10.0,2026-08-23T11:22:41Z
4.1,-179.6628,-21.0082,550.956,2026-08-23T11:23:50Z
2.7,-150.346,60.108,38.2,2026-08-23T12:04:41Z
2.7,-162.098,54.4718,35.0,2026-08-23T12:12:36Z
3.17,-155.497,19.3665,7.82,2026-08-23T12:25:17Z
3.1,-150.805,62.898,101.1,2026-08-23T12:50:29Z
2.5,-152.16,58.936,64.5,2026-08-23T13:37:34Z
6.0,142.802,41.8495,41.0,2026-08-23T13:44:53Z
2.7,-170.421,52.146,20.7,2026-08-23T14:01:23Z
4.7,155.382,-7.0152,10.0,2026-08-23T14:05:58Z
3.5,176.2953,51.9075,67.185,2026-08-23T14:46:42Z
3.3,177.36,51.735,80.3,2026-08-23T14:47:48Z
2.7,-164.7695,53.7435,35.0,2026-08-23T15:08:27Z
4.5,142.8974,42.1645,60.411,2026-08-23T16:36:15Z
4.9,-25.2117,-58.7568,35.0,2026-08-23T17:23:29Z
4.3,157.6808,51.3362,65.441,2026-08-23T17:37:14Z
4.5,-66.4169,-23.0699,223.201,2026-08-23T17:56:30Z
3.1,-169.371,52.0214,10.0,2026-08-23T18:17:24Z
2.8,-127.2893,43.5038,10.0,2026-08-23T18:26:39Z
4.7,126.1654,5.8271,11.168,2026-08-23T18:57:38Z
2.5,-150.942,61.609,71.9,2026-08-23T19:55:04Z
4.4,100.6649,-2.0722,66.151,2026-08-23T19:56:47Z
3.0,179.9128,51.9931,178.781,2026-08-23T20:13:43Z
2.6,-176.1322,51.4798,35.0,2026-08-23T20:35:11Z
4.5,-71.5893,-36.7425,100.109,2026-08-23T20:38:15Z
5.2,120.8487,-8.1851,10.0,2026-08-23T21:20:15Z
4.5,119.9371,-8.5046,10.0,2026-08-23T21:27:01Z
3.2,-176.9805,51.7992,80.217,2026-08-23T21:32:14Z
5.2,164.6414,-10.7075,10.0,2026-08-23T21:32:20Z
4.3,-179.0547,-21.6851,590.983,2026-08-23T21:39:45Z
2.6,-66.9196666666667,17.8563333333333,11.8,2026-08-23T22:08:58Z
4.7,120.6249,-8.1459,10.0,2026-08-23T22:57:30Z
4.2,-66.8157,-24.0298,187.777,2026-08-23T22:58:07Z
4.3,120.249,-8.298,10.0,2026-08-23T23:05:29Z
2.8,-101.607,32.4,6.3232,2026-08-23T23:06:54Z
4.2,23.4335,34.3368,35.0,2026-08-23T23:11:49Z
5.0,176.4305,52.1915,8.129,2026-08-23T23:20:34Z
4.1,107.771,-8.1635,58.265,2026-08-23T23:29:41Z
2.7,-178.6302,51.5891,94.934,2026-08-23T23:40:06Z
2.9,178.3258,50.7452,10.0,2026-08-23T23:42:31Z
2.6,-166.9148,52.9404,35.0,2026-08-23T23:45:58Z
4.6,120.0824,-7.9116,10.0,2026-08-24T00:22:03Z
4.9,105.0358,28.3767,10.0,2026-08-24T00:26:21Z
2.9,-149.9644,56.1681,10.0,2026-08-24T00:41:07Z
4.1,120.6003,-7.8111,10.0,2026-08-24T00:47:02Z
4.2,120.7561,-7.7429,10.0,2026-08-24T00:55:06Z
2.8,-149.9118,56.1696,10.0,2026-08-24T01:04:09Z
4.6,120.4889,-8.1972,10.0,2026-08-24T01:12:59Z
2.5,-178.181,51.155,28.3,2026-08-24T01:27:27Z
4.3,138.9466,-2.5645,10.0,2026-08-24T01:38:57Z
3.39,-67.7316666666667,19.0983333333333,40.02,2026-08-24T01:43:04Z
3.2,-151.04,58.552,23.8,2026-08-24T02:00:43Z
4.7,120.4269,-7.978,10.0,2026-08-24T02:19:39Z
4.4,-76.8266,4.4825,78.299,2026-08-24T02:41:00Z
4.9,-14.9436,-12.5855,10.0,2026-08-24T02:45:08Z
4.1,-93.2276,14.1906,10.0,2026-08-24T03:33:58Z
3.2,176.313,51.981,1.3,2026-08-24T03:38:52Z
2.5,-174.434,51.724,7.6,2026-08-24T03:46:03Z
4.8,125.2291,5.3312,68.263,2026-08-24T03:59:33Z
2.7,-179.055,51.044,15.4,2026-08-24T04:01:35Z
2.55,-67.376,18.3316666666667,13.07,2026-08-24T04:52:49Z
4.5,-67.1543,-28.143,129.457,2026-08-24T05:04:04Z
4.5,-176.289,-20.9867,209.196,2026-08-24T05:40:47Z
4.9,-83.9132,9.9853,10.0,2026-08-24T07:37:17Z
2.71,-117.8435,36.0666666666667,2.31,2026-08-24T07:51:44Z
3.1,176.328,52.015,0.9,2026-08-24T08:25:03Z
2.5,-150.835,65.852,6.5,2026-08-24T08:39:14Z
2.7,-119.511666666667,38.5153333333333,6.3,2026-08-24T08:54:53Z
4.6,142.5823,26.4207,10.0,2026-08-24T09:10:38Z
2.76,-118.832833333333,37.4473333333333,2.38,2026-08-24T09:39:40Z
5.4,129.7114,-5.0731,10.0,2026-08-24T10:02:58Z
4.9,-171.9588,-18.1279,10.0,2026-08-24T10:19:43Z
3.1,-104.541,31.739,6.0486,2026-08-24T11:05:33Z
2.6,-151.147,58.389,0.8,2026-08-24T11:08:00Z
3.1,176.3177,52.0607,10.0,2026-08-24T11:17:56Z
2.7,-156.219,57.067,1.2,2026-08-24T11:24:31Z
2.5,-157.578,57.753,189.2,2026-08-24T11:31:17Z
2.98,-67.3421666666667,18.7565,11.07,2026-08-24T12:00:33Z
3.5,176.2779,51.9675,10.0,2026-08-24T12:04:19Z
4.3,143.1214,40.0235,32.72,2026-08-24T12:14:10Z
5.0,-13.8368,-17.7036,10.0,2026-08-24T12:29:31Z
2.76,-118.833666666667,37.4493333333333,2.62,2026-08-24T13:23:10Z
2.57,-118.8345,37.4495,3.13,2026-08-24T14:09:10Z
6.0,127.4245,-6.6551,10.0,2026-08-24T14:10:17Z
4.4,-47.4378,-60.2616,10.0,2026-08-24T14:46:19Z
4.2,142.669,40.2457,35.0,2026-08-24T14:47:16Z
4.8,120.4309,-7.793,10.0,2026-08-24T15:12:14Z
4.9,128.7039,25.9821,10.0,2026-08-24T15:27:31Z
2.6,-151.479,61.934,85.7,2026-08-24T15:42:57Z
2.6,-93.3956,31.8413,6.374,2026-08-24T15:58:24Z
4.7,145.6811,18.6678,204.668,2026-08-24T16:25:23Z
3.1,176.2967,51.9835,10.0,2026-08-24T16:44:02Z
3.2,176.2706,52.0433,10.0,2026-08-24T17:01:24Z
2.92,-67.5286666666667,18.7896666666667,8.85,2026-08-24T17:16:39Z
4.5,142.9057,40.4314,35.0,2026-08-24T18:07:01Z
2.7,-160.2135,54.3342,35.0,2026-08-24T18:10:25Z
2.5,-151.98,60.407,90.5,2026-08-24T18:50:04Z
4.4,-76.7599,4.3503,73.956,2026-08-24T18:55:28Z
5.0,127.4995,-6.6988,9.851,2026-08-24T19:00:03Z
2.5,-166.291,53.222,29.3,2026-08-24T19:37:25Z
3.7,144.8053,14.0784,188.097,2026-08-24T19:40:41Z
2.9,176.328,52.008,10.0,2026-08-24T19:41:10Z
3.9,-154.314,58.966,125.5,2026-08-24T20:13:35Z
2.6,178.332,51.441,51.0,2026-08-24T20:25:43Z
4.6,151.5046,-6.3704,10.0,2026-08-24T21:02:15Z
4.6,-15.4052,-44.566,10.0,2026-08-24T21:21:35Z
4.0,-72.1166,-15.32,122.232,2026-08-24T21:55:02Z
4.3,141.514,42.5717,131.984,2026-08-24T22:05:02Z
2.7,-107.551,35.2636,7.616,2026-08-24T22:51:23Z
3.0,-157.999,56.41,86.1,2026-08-24T22:52:46Z
3.1,-151.482,63.159,0.7,2026-08-24T23:13:59Z
4.5,124.9285,23.7942,10.0,2026-08-24T23:26:56Z
4.1,120.006,-8.3951,10.0,2026-08-24T23:27:14Z
4.9,120.1917,-8.3518,10.0,2026-08-25T00:05:24Z
4.2,98.5419,3.0555,153.904,2026-08-25T00:27:17Z
2.5,-177.024,51.296,29.4,2026-08-25T00:32:57Z
4.1,120.2809,-8.1641,10.0,2026-08-25T00:37:44Z
4.9,70.463,34.462,10.0,2026-08-25T01:18:46Z
4.5,155.6413,-6.9731,109.317,2026-08-25T01:22:25Z
4.4,26.3349,45.6554,143.594,2026-08-25T01:56:38Z
4.7,126.8546,9.0329,13.458,2026-08-25T01:59:04Z
3.14,-64.6406666666667,18.5493333333333,14.39,2026-08-25T02:56:45Z
4.7,127.5589,-6.6149,10.169,2026-08-25T03:06:19Z
4.4,-85.6548,16.8505,10.0,2026-08-25T03:13:28Z
4.13,-68.1843,18.8386,90.0,2026-08-25T03:25:52Z
4.4,-23.419,63.7469,10.0,2026-08-25T03:38:10Z
4.2,-23.2345,63.8453,10.0,2026-08-25T05:46:08Z
4.2,47.3976,33.101,10.0,2026-08-25T06:19:52Z
4.4,66.4134,-12.9474,10.0,2026-08-25T06:42:42Z
4.5,96.7311,-0.047,10.0,2026-08-25T06:44:33Z
4.6,124.4529,3.4176,322.862,2026-08-25T06:48:20Z
5.5,121.6411,22.6102,10.13,2026-08-25T07:00:09Z
2.6,-149.195,65.587,7.7,2026-08-25T07:22:36Z
2.5,-174.0205,51.5202,7.708,2026-08-25T07:49:47Z
2.5,-178.069,51.353,7.4,2026-08-25T07:53:35Z
3.6,-176.1562,51.3245,10.0,2026-08-25T08:08:06Z
4.6,163.9813,-10.9417,10.0,2026-08-25T08:18:08Z
2.9,-148.5691,56.6303,10.0,2026-08-25T08:53:00Z
5.0,145.6343,43.045,96.855,2026-08-25T09:07:20Z
2.7,-104.302,31.692,7.3303,2026-08-25T09:17:06Z
2.6,-161.559,54.331,1.0,2026-08-25T09:48:58Z
2.59,-118.7415,37.4105,15.17,2026-08-25T09:51:56Z
2.9,-165.222,53.394,2.1,2026-08-25T10:06:57Z
2.5,-160.066,54.438,4.4,2026-08-25T10:35:47Z
4.9,127.3328,-3.6519,10.0,2026-08-25T11:29:44Z
5.5,179.8207,-23.3497,528.283,2026-08-25T12:12:03Z
4.3,167.8841,-44.3718,10.0,2026-08-25T12:26:29Z
4.3,-91.525,14.7891,129.278,2026-08-25T12:27:39Z
2.5,-174.393,52.084,173.0,2026-08-25T12:29:26Z
2.9,179.351,50.172,1.9,2026-08-25T12:31:52Z
2.5,-166.984,52.36,17.2,2026-08-25T12:58:34Z
2.8,176.339,52.071,1.5,2026-08-25T13:39:03Z
4.4,19.5197,40.9504,10.0,2026-08-25T13:56:35Z
3.4,176.28,51.949,7.8,2026-08-25T14:01:44Z
4.3,155.7768,49.8967,78.854,2026-08-25T14:45:07Z
2.7,-159.821,55.058,6.0,2026-08-25T14:53:25Z
2.7,-163.729,52.83,26.7,2026-08-25T14:58:21Z
5.0,120.6333,-8.0758,10.0,2026-08-25T14:58:54Z
5.2,-171.8992,-17.4086,10.0,2026-08-25T15:15:54Z
3.0,-150.729,63.301,5.0,2026-08-25T16:02:00Z
2.8,176.375,52.0757,77.775,2026-08-25T16:02:43Z
3.5,176.221,51.855,18.1,2026-08-25T16:18:07Z
2.7,-147.542,60.336,13.7,2026-08-25T16:21:31Z
4.5,170.4985,-14.235,628.976,2026-08-25T16:23:33Z
2.7,-135.62,67.777,20.0,2026-08-25T16:26:26Z
2.5,-161.295,54.493,9.3,2026-08-25T16:52:59Z
3.0,176.305,51.991,5.0,2026-08-25T16:56:00Z
4.3,149.572,46.412,185.443,2026-08-25T17:44:53Z
2.6,-147.517,60.314,19.4,2026-08-25T18:11:07Z
4.2,121.1486,-8.3718,10.0,2026-08-25T18:20:18Z
2.9,176.2683,51.9583,10.441,2026-08-25T18:31:40Z
4.1,38.365,38.1317,10.0,2026-08-25T18:43:52Z
2.5,-167.1069,53.0928,35.0,2026-08-25T19:14:59Z
4.4,126.4721,4.3527,40.762,2026-08-25T19:15:37Z
2.9,176.3673,52.112,10.0,2026-08-25T19:21:56Z
2.5,-169.398,52.313,15.7,2026-08-25T19:25:44Z
4.4,159.5011,51.3647,10.0,2026-08-25T19:32:56Z
2.67,-65.6966666666667,17.8766666666667,3.15,2026-08-25T19:47:01Z
2.61,-155.582166666667,20.261,43.58,2026-08-25T19:52:38Z
2.8,176.2594,51.9682,3.152,2026-08-25T20:00:18Z
3.4,-152.86,59.515,96.0,2026-08-25T20:01:13Z
3.0,176.2569,51.9561,10.0,2026-08-25T20:16:43Z
3.06,-116.066833333333,33.2393333333333,4.3,2026-08-25T20:17:07Z
4.7,141.853,37.3301,35.0,2026-08-25T20:23:36Z
4.1,149.6152,-6.7217,10.0,2026-08-25T20:50:50Z
3.3,176.1824,51.7896,52.828,2026-08-25T21:21:10Z
4.5,120.3397,-7.9474,15.66,2026-08-25T21:22:52Z
4.9,120.7287,-8.2356,10.664,2026-08-25T21:23:59Z
4.4,74.4202,36.7808,50.029,2026-08-25T22:00:24Z
3.0,-126.9068,43.3484,10.0,2026-08-25T22:01:39Z
2.8,-159.8159,55.0249,24.017,2026-08-25T22:14:09Z
4.7,-19.8072,-0.4685,10.0,2026-08-25T22:23:25Z
2.7,176.2872,51.8178,18.869,2026-08-25T22:39:34Z
2.6,-125.9576,40.5469,15.509,2026-08-25T23:02:50Z
2.59,-124.558833333333,40.3396666666667,29.37,2026-08-25T23:03:06Z
4.2,139.4387,36.3955,78.342,2026-08-25T23:33:14Z
4.0,98.5868,2.5836,151.139,2026-08-25T23:57:25Z
2.61,-155.583666666667,19.1745,7.81,2026-08-25T23:58:02Z
4.0,77.8219,31.5509,54.124,2026-08-26T00:16:53Z
4.1,119.9963,-7.926,10.0,2026-08-26T00:23:36Z
4.3,120.6208,-8.5466,11.153,2026-08-26T00:25:17Z
4.3,120.3599,-7.8663,8.801,2026-08-26T00:34:06Z
2.5,-165.185,53.782,35.1,2026-08-26T00:34:31Z
4.5,159.402,50.95,10.0,2026-08-26T00:36:13Z
4.5,120.1422,-7.7824,10.0,2026-08-26T00:38:33Z
2.8,176.3412,51.9507,31.085,2026-08-26T00:38:58Z
2.9,176.3505,51.9772,12.355,2026-08-26T01:19:30Z
4.4,120.3099,-7.7397,10.0,2026-08-26T01:20:29Z
4.1,176.3607,52.0701,8.442,2026-08-26T01:21:27Z
4.6,120.2941,-7.8156,10.0,2026-08-26T01:31:55Z
4.2,-70.986,-25.4862,36.105,2026-08-26T01:37:01Z
4.8,127.5749,-6.6227,10.0,2026-08-26T01:48:11Z
4.5,127.5372,-6.5973,10.0,2026-08-26T02:05:47Z
4.5,71.3353,36.5296,99.361,2026-08-26T02:24:10Z
5.2,85.515,28.271,0.0,2026-08-26T02:52:10Z
2.8,176.3189,51.9441,13.859,2026-08-26T02:56:38Z
3.4,-153.176,59.93,130.6,2026-08-26T02:56:42Z
2.9,176.329,51.9577,12.566,2026-08-26T03:12:29Z
4.5,-14.7788,-12.4637,10.0,2026-08-26T03:49:35Z
2.6,-150.469,60.641,52.3,2026-08-26T04:37:36Z
4.1,140.5356,28.8772,138.094,2026-08-26T04:38:28Z
2.9,179.1683,51.6318,15.949,2026-08-26T04:55:35Z
3.0,-103.744,31.793,9.035,2026-08-26T04:59:26Z
2.6,-119.61,36.1866666666667,21.76,2026-08-26T05:02:20Z
2.5,-164.1105,53.8236,22.352,2026-08-26T05:25:21Z
4.8,11.5985,-52.7977,10.0,2026-08-26T05:45:04Z
4.2,85.515,28.27,0.0,2026-08-26T06:00:35Z
2.5,177.5929,51.7722,84.41,2026-08-26T06:21:46Z
4.8,143.69,39.7072,10.0,2026-08-26T06:54:52Z
2.7,-165.3671,52.3258,17.693,2026-08-26T06:55:28Z
2.98,-64.9435,18.7078333333333,17.68,2026-08-26T07:09:18Z
4.6,146.4647,44.716,163.789,2026-08-26T07:32:17Z
2.85,-65.4181666666667,17.959,4.25,2026-08-26T07:58:53Z
2.94,-65.4388333333333,17.9435,6.2,2026-08-26T08:07:14Z
4.03,-68.7866,18.4206,128.0,2026-08-26T09:42:34Z
3.1,176.301,51.958,10.0,2026-08-26T09:43:15Z
4.6,121.337,-8.3296,10.0,2026-08-26T09:47:34Z
4.6,122.3274,21.5368,10.0,2026-08-26T09:51:22Z
4.1,-159.9993,54.5458,35.64,2026-08-26T10:58:09Z
4.4,-69.4475,-26.1226,103.599,2026-08-26T10:59:03Z
4.5,-65.3176,-57.4436,10.0,2026-08-26T11:38:21Z
3.1,-65.4286666666667,17.9688333333333,6.16,2026-08-26T12:28:31Z
3.3,176.356,51.957,5.0,2026-08-26T12:53:41Z
4.2,107.8313,-8.1533,51.084,2026-08-26T13:43:43Z
4.3,160.5879,52.1938,10.0,2026-08-26T13:52:31Z
5.0,121.4186,-8.3515,10.0,2026-08-26T14:15:30Z
4.3,165.5321,-11.2605,10.0,2026-08-26T14:22:17Z
4.9,165.8087,-11.0426,58.509,2026-08-26T14:25:39Z
4.5,167.3856,-17.8113,10.0,2026-08-26T15:32:02Z
4.7,83.9303,-42.4115,10.0,2026-08-26T15:36:51Z
4.2,161.6841,-10.9245,10.0,2026-08-26T15:45:25Z
3.42,-65.9946666666667,19.1373333333333,15.42,2026-08-26T15:48:15Z
3.1,178.5911,51.2138,31.293,2026-08-26T15:52:51Z
4.4,125.6555,4.6543,10.0,2026-08-26T15:58:48Z
2.6,-148.876,66.48,14.0,2026-08-26T16:18:37Z
4.1,-175.7164,-19.8041,219.786,2026-08-26T16:22:06Z
4.9,-73.004,6.7547,158.98,2026-08-26T16:45:14Z
4.7,121.2015,-8.3149,10.0,2026-08-26T16:52:48Z
2.5,-150.258,61.25,48.6,2026-08-26T17:02:33Z
2.7,-178.0146,51.2701,35.0,2026-08-26T17:14:05Z
2.9,-161.3041,54.6192,35.0,2026-08-26T17:17:31Z
3.11,-66.6293333333333,18.79,51.24,2026-08-26T17:24:49Z
2.6,-67.0646666666667,17.9655,14.12,2026-08-26T17:49:07Z
4.9,120.6979,-8.3107,10.0,2026-08-26T18:23:13Z
4.7,120.6143,-8.3333,10.0,2026-08-26T18:34:58Z
4.4,130.3825,-6.2169,132.024,2026-08-26T19:02:58Z
5.6,143.8447,38.1821,16.05,2026-08-26T19:21:42Z
4.0,-74.8729,-16.9936,10.0,2026-08-26T19:29:18Z
2.5,-155.459,59.462,7.7,2026-08-26T19:43:19Z
2.75,-124.942333333333,40.9636666666667,23.37,2026-08-26T19:44:58Z
4.5,168.9143,-13.9457,10.0,2026-08-26T19:50:08Z
4.2,-175.2467,-17.261,294.493,2026-08-26T21:03:35Z
3.7,176.1599,51.9007,68.449,2026-08-26T21:08:11Z
4.6,121.547,22.8501,25.305,2026-08-26T21:47:18Z
4.2,169.4281,-18.8485,255.308,2026-08-26T22:04:28Z
4.2,-71.466,-35.3118,79.083,2026-08-26T22:23:12Z
4.7,-68.6981,-21.3306,122.154,2026-08-26T23:20:02Z
4.3,-26.3107,-56.1896,35.0,2026-08-26T23:42:16Z
3.44,-68.8455,19.191,10.5,2026-08-27T01:41:37Z
2.8,-173.131,50.976,14.9,2026-08-27T01:54:39Z
2.56,-115.778166666667,32.1418333333333,6.21,2026-08-27T03:36:18Z
5.1,-20.2977,-22.5672,10.0,2026-08-27T04:19:08Z
2.5,-160.113,54.559,5.7,2026-08-27T04:49:51Z
2.8,178.644,51.578,72.8,2026-08-27T04:55:32Z
2.6,-152.498,59.819,87.3,2026-08-27T05:09:23Z
4.5,32.0573,-48.0141,10.0,2026-08-27T05:30:48Z
5.2,142.7467,24.2624,10.0,2026-08-27T05:44:25Z
4.3,-66.1,-22.8057,259.421,2026-08-27T05:53:13Z
4.5,121.7296,-8.1967,26.483,2026-08-27T06:15:10Z
4.1,142.5339,24.1239,39.941,2026-08-27T07:12:43Z
4.3,142.7145,24.2111,24.034,2026-08-27T07:22:42Z
3.6,-172.2961,52.1886,72.836,2026-08-27T07:54:56Z
4.2,142.6599,24.2279,31.948,2026-08-27T08:09:54Z
2.8,-150.742,62.557,75.3,2026-08-27T08:22:49Z
4.5,160.2665,51.4769,10.0,2026-08-27T09:33:59Z
3.4,-150.512,60.021,35.6,2026-08-27T10:05:03Z
5.3,120.0539,-8.0324,10.0,2026-08-27T10:33:24Z
2.9,-162.482,54.08,2.4,2026-08-27T10:55:57Z
4.9,70.7736,-26.0744,10.0,2026-08-27T11:47:16Z
4.5,173.3354,-19.7789,10.0,2026-08-27T12:17:26Z
2.5,-175.124,51.523,26.1,2026-08-27T12:21:11Z
4.8,-163.4304,53.0654,10.0,2026-08-27T14:30:20Z
5.0,86.9132,33.2546,10.0,2026-08-27T14:45:48Z
2.8,-103.737,31.794,9.1376,2026-08-27T14:48:52Z
4.7,-76.7491,4.5126,61.381,2026-08-27T15:25:29Z
2.5,-151.931,55.902,15.0,2026-08-27T15:29:01Z
3.5,-71.214,8.6667,10.0,2026-08-27T15:36:05Z
2.7,-164.7459,53.6077,35.0,2026-08-27T15:40:13Z
4.3,120.9735,-7.7398,10.0,2026-08-27T16:16:31Z
4.5,-76.6859,4.5588,63.685,2026-08-27T16:21:22Z
4.7,120.4866,-7.8341,10.0,2026-08-27T16:31:59Z
2.7,-163.4528,53.0713,10.0,2026-08-27T16:50:42Z
2.7,-163.2086,53.0007,10.0,2026-08-27T16:56:28Z
2.5,-150.759,60.563,55.8,2026-08-27T17:05:33Z
4.1,-80.6388,-3.4155,40.936,2026-08-27T17:09:28Z
4.2,-79.9951,-3.0892,51.763,2026-08-27T17:23:23Z
2.5,-166.6181,52.9568,16.581,2026-08-27T17:33:33Z
4.5,-69.4412,-17.5706,143.959,2026-08-27T17:40:41Z
2.6,-135.517,55.959,7.2,2026-08-27T18:02:48Z
3.0,-150.721,63.649,5.0,2026-08-27T18:37:51Z
4.9,125.6277,5.998,10.0,2026-08-27T18:43:39Z
2.6,-104.416,31.671,7.3816,2026-08-27T18:55:47Z
4.4,145.6944,18.6678,218.633,2026-08-27T19:06:05Z
2.61,-67.0655,17.9513333333333,7.77,2026-08-27T19:33:32Z
4.5,-176.8245,-28.3502,10.0,2026-08-27T19:35:46Z
4.6,141.4004,36.9105,49.082,2026-08-27T19:45:59Z
4.8,142.3482,40.634,58.569,2026-08-27T19:54:40Z
4.6,-179.9058,-35.0095,34.224,2026-08-27T20:07:24Z
4.4,120.2871,-7.9324,10.0,2026-08-27T21:05:29Z
6.0,50.5425,13.2654,10.0,2026-08-27T21:07:38Z
4.6,142.2321,42.042,60.5,2026-08-27T22:13:30Z
4.4,128.2198,1.889,114.823,2026-08-27T22:22:45Z
2.9,-166.7707,53.0986,35.0,2026-08-27T22:40:16Z
4.9,-177.7174,-20.4125,518.966,2026-08-27T23:02:58Z
3.2,-151.537,58.162,37.8,2026-08-27T23:19:36Z
4.5,151.9912,-3.8879,266.722,2026-08-27T23:50:50Z
4.1,130.3183,-6.3227,124.401,2026-08-28T00:03:55Z
4.4,-67.2874,10.2493,10.0,2026-08-28T00:38:21Z
4.7,126.9005,1.7755,41.633,2026-08-28T00:43:02Z
3.0,-149.986,65.462,2.2,2026-08-28T01:17:32Z
4.4,120.3615,22.0405,12.071,2026-08-28T02:20:55Z
3.2,-113.4515,47.155,24.315,2026-08-28T02:38:13Z
5.0,-103.4604,8.4191,10.0,2026-08-28T02:39:17Z
3.3,-66.0928333333333,19.1956666666667,25.83,2026-08-28T03:20:36Z
3.42,-64.3788333333333,18.871,39.21,2026-08-28T04:02:23Z
5.2,111.5852,-50.116,10.0,2026-08-28T04:59:06Z
5.0,105.229,29.2752,10.0,2026-08-28T05:13:35Z
2.5,-178.196,51.363,25.6,2026-08-28T05:55:40Z
3.1,179.964,51.521,74.1,2026-08-28T06:26:43Z
4.3,-78.4292,10.0415,35.0,2026-08-28T06:46:33Z
3.1,-143.778,63.042,0.1,2026-08-28T06:49:03Z
2.8,-154.4191,18.5318,8.176,2026-08-28T08:20:52Z
4.5,125.4174,5.2762,65.967,2026-08-28T08:22:26Z
5.0,168.2309,-19.249,10.0,2026-08-28T08:32:36Z
4.1,141.1607,-3.7194,44.102,2026-08-28T08:56:52Z
5.0,160.6615,52.1245,10.0,2026-08-28T09:12:17Z
2.6,-178.702,50.995,14.9,2026-08-28T09:26:32Z
2.98,-109.888833333333,41.5596666666667,-1.93,2026-08-28T09:27:59Z
2.9,-104.367,31.672,7.7917,2026-08-28T10:02:25Z
4.5,125.2609,25.8399,131.746,2026-08-28T10:11:33Z
3.1,-154.419,56.079,24.0,2026-08-28T10:18:23Z
4.6,127.3738,-6.9733,10.0,2026-08-28T10:23:05Z
2.58,-66.6331666666667,18.4908333333333,13.62,2026-08-28T10:29:38Z
4.4,-178.6454,-21.1233,535.422,2026-08-28T10:38:33Z
2.7,-178.668,51.037,35.4,2026-08-28T11:53:18Z
4.5,141.2038,-3.6651,10.0,2026-08-28T12:21:36Z
2.9,-173.346,51.554,15.5,2026-08-28T12:31:47Z
2.8,-178.741,51.036,25.4,2026-08-28T12:32:37Z
2.6,-175.4029,51.77,67.025,2026-08-28T13:09:06Z
2.6,-178.844,51.092,34.4,2026-08-28T13:13:45Z
2.5,-179.8847,51.7781,112.162,2026-08-28T13:29:07Z
2.7,-178.761,51.009,20.1,2026-08-28T13:37:21Z
4.5,-68.4374,-21.1859,121.512,2026-08-28T14:11:54Z
2.91,-64.8641666666667,18.4013333333333,55.32,2026-08-28T14:26:08Z
4.4,142.1817,40.2247,71.22,2026-08-28T14:31:46Z
2.54,-119.43,37.5823333333333,3.89,2026-08-28T14:51:34Z
3.5,-178.2511,51.2147,35.0,2026-08-28T15:04:11Z
4.4,120.4136,-8.2156,10.0,2026-08-28T15:24:45Z
4.4,-175.1044,-24.8004,10.0,2026-08-28T15:33:22Z
4.0,-179.6,-21.9272,618.448,2026-08-28T16:15:27Z
2.7,-178.849,51.018,28.7,2026-08-28T16:46:52Z
3.3,-162.9439,54.2405,35.0,2026-08-28T17:27:58Z
2.7,-134.986,55.296,22.7,2026-08-28T17:37:07Z
4.4,126.6558,6.462,121.996,2026-08-28T17:41:51Z
2.9,-173.8504,52.4931,181.813,2026-08-28T17:54:37Z
3.1,-178.8643,51.4225,32.94,2026-08-28T18:59:09Z
4.9,62.5441,-28.3225,10.0,2026-08-28T19:12:55Z
5.0,151.7381,-6.211,10.0,2026-08-28T20:19:38Z
2.6,-102.22,32.123,7.6416,2026-08-28T20:31:30Z
4.5,-69.9747,-18.8677,87.955,2026-08-28T20:44:36Z
2.59,-116.7984,36.7567,1.5425,2026-08-28T21:01:02Z
2.72,-124.9405,40.3455,19.73,2026-08-28T21:18:08Z
2.6,-179.0677,51.3339,53.351,2026-08-28T21:21:51Z
2.8,-124.951833333333,40.3345,24.73,2026-08-28T21:24:34Z
2.9,-164.2897,53.7231,35.0,2026-08-28T21:44:07Z
4.9,80.5748,42.2447,10.0,2026-08-28T22:07:32Z
4.1,-93.1064,15.0062,77.978,2026-08-28T22:30:30Z
4.8,143.2392,39.6595,29.23,2026-08-28T23:10:35Z
3.5,-162.0484,53.1432,10.0,2026-08-28T23:28:35Z
4.3,-69.3914,-23.9509,78.724,2026-08-28T23:48:03Z
4.5,22.7467,37.4064,85.804,2026-08-28T23:55:58Z
4.3,-175.589,-16.6615,330.295,2026-08-29T00:09:58Z
3.06,-67.384,18.8193333333333,7.76,2026-08-29T00:17:48Z
4.2,-109.9009,25.6765,10.0,2026-08-29T00:19:38Z
2.5,-159.693,55.951,11.0,2026-08-29T00:34:59Z
2.9,-168.808,52.271,5.0,2026-08-29T01:40:18Z
4.2,147.1842,46.4708,306.863,2026-08-29T01:46:04Z
4.74,-125.272333333333,40.45,10.0,2026-08-29T02:41:11Z
2.8,-165.098,52.595,19.7,2026-08-29T02:58:45Z
2.8,-165.064,52.584,18.9,2026-08-29T03:34:18Z
3.4,-108.5465,34.8393,10.372,2026-08-29T03:37:11Z
2.5,-150.661,61.336,56.7,2026-08-29T03:40:34Z
3.1,-175.218,51.509,23.1,2026-08-29T04:15:50Z
4.6,149.9582,44.8019,43.998,2026-08-29T04:48:42Z
2.6,-164.298,53.695,14.5,2026-08-29T05:25:43Z
2.5,-151.769,59.168,52.6,2026-08-29T05:39:30Z
5.1,56.9522,-31.8483,10.0,2026-08-29T05:40:06Z
3.5,-129.0391,43.8957,10.0,2026-08-29T05:46:56Z
4.8,126.3482,9.976,60.935,2026-08-29T06:32:54Z
4.9,-25.7887,-57.4587,89.886,2026-08-29T07:10:54Z
2.7,-159.952,54.576,5.0,2026-08-29T07:46:40Z
2.8,-126.7194,40.8117,10.0,2026-08-29T07:48:40Z
2.9,-127.2233,40.6417,10.0,2026-08-29T07:49:19Z
2.7,179.742,51.769,110.9,2026-08-29T08:06:02Z
5.0,126.9069,-0.7032,41.899,2026-08-29T08:08:45Z
4.2,-179.689,-22.3237,602.27,2026-08-29T08:23:22Z
2.8,-151.752,61.583,96.4,2026-08-29T09:01:27Z
4.2,125.9755,5.9268,155.228,2026-08-29T09:06:25Z
4.6,127.2876,-8.5879,10.0,2026-08-29T09:15:46Z
2.7,-127.6597,40.559,10.0,2026-08-29T09:18:36Z
2.6,-179.2028,51.0931,21.743,2026-08-29T10:33:52Z
4.1,70.8802,36.5634,210.646,2026-08-29T10:38:59Z
4.5,-76.7395,4.5132,60.635,2026-08-29T10:50:23Z
2.6,-102.22,32.13,7.5928,2026-08-29T11:06:06Z
3.3,-137.139,59.0,5.0,2026-08-29T11:10:07Z
4.2,142.8625,21.6817,334.771,2026-08-29T11:47:56Z
2.5,-164.644,53.513,22.7,2026-08-29T12:01:01Z
3.9,-152.197,59.919,89.6,2026-08-29T12:02:11Z
4.5,27.5586,36.2205,14.362,2026-08-29T12:32:52Z
4.0,138.2924,43.8866,257.202,2026-08-29T13:25:14Z
3.4,-160.121,54.639,5.9,2026-08-29T13:48:14Z
4.8,-156.951,54.821,5.0,2026-08-29T15:16:55Z
4.7,140.9937,35.8029,34.783,2026-08-29T15:17:06Z
3.7,-173.3208,51.5657,31.739,2026-08-29T15:24:47Z
2.8,-179.818,51.045,13.6,2026-08-29T15:26:32Z
4.3,126.6085,1.8152,53.142,2026-08-29T16:42:43Z
2.5,-159.943,54.922,8.2,2026-08-29T17:10:19Z
2.69,-125.261333333333,40.4221666666667,10.0,2026-08-29T17:12:29Z
3.9,-69.0395,18.4946,104.472,2026-08-29T17:36:19Z
2.5,-163.799,53.81,11.4,2026-08-29T17:50:25Z
4.2,170.3733,-22.7453,10.0,2026-08-29T18:16:50Z
4.5,51.4231,14.3969,10.0,2026-08-29T19:36:05Z
4.3,70.2474,36.4796,201.316,2026-08-29T19:53:41Z
4.2,158.0592,53.8699,192.731,2026-08-29T20:18:52Z
2.8,-108.5536,34.85,3.245,2026-08-29T20:53:49Z
4.8,131.0276,29.9687,35.0,2026-08-29T21:00:19Z
2.7,-175.7341,51.5715,35.0,2026-08-29T21:30:30Z
2.7,-168.3438,53.1164,95.898,2026-08-29T21:37:56Z
2.6,-174.4074,52.2743,169.928,2026-08-29T22:03:48Z
4.8,19.8358,40.136,10.0,2026-08-29T22:35:22Z
3.9,-157.737,55.122,117.5,2026-08-29T22:38:50Z
2.8,-173.395,51.495,5.0,2026-08-29T22:46:11Z
2.8,-162.0148,54.8751,92.28,2026-08-29T22:49:29Z
3.35,-67.587,18.2475,112.13,2026-08-29T23:11:08Z
4.5,-67.5833,-22.6741,160.118,2026-08-29T23:26:17Z
2.9,176.283,52.0333,10.0,2026-08-29T23:32:12Z
4.5,142.6363,42.0491,63.607,2026-08-30T00:14:19Z
2.7,-176.365,51.211,13.7,2026-08-30T01:24:31Z
3.34,-67.5618333333333,18.5581666666667,119.49,2026-08-30T01:50:22Z
2.8,-166.601,52.656,9.9,2026-08-30T03:24:43Z
2.8,-152.46,60.991,128.3,2026-08-30T03:35:14Z
5.1,-27.0033,-56.4575,135.686,2026-08-30T03:55:28Z
4.2,71.4072,36.4209,119.132,2026-08-30T04:06:58Z
4.7,126.3683,1.3834,35.107,2026-08-30T04:29:14Z
4.4,128.493,2.2902,242.271,2026-08-30T05:17:03Z
4.7,-70.4379,-22.1949,50.054,2026-08-30T05:19:50Z
3.0,-166.6416,52.6673,10.0,2026-08-30T05:24:33Z
2.6,-165.207,52.315,3.8,2026-08-30T05:35:30Z
4.6,-47.226,-60.2509,10.0,2026-08-30T05:40:14Z
3.96,-67.2885,18.9116,53.0,2026-08-30T05:47:03Z
4.5,120.6672,-7.93,15.155,2026-08-30T07:10:39Z
3.77,-64.3826,18.888,19.0,2026-08-30T07:24:17Z
4.9,101.6275,-3.3399,78.374,2026-08-30T07:37:53Z
2.6,-164.0118,52.629,10.0,2026-08-30T08:08:05Z
4.5,159.2914,51.6592,50.336,2026-08-30T08:09:43Z
5.8,-177.8882,-30.1462,35.0,2026-08-30T09:02:09Z
4.5,-179.9128,-23.414,532.696,2026-08-30T09:13:55Z
2.9,-111.323,42.834,7.153,2026-08-30T09:17:01Z
2.6,-159.751,54.513,26.8,2026-08-30T09:47:04Z
4.6,120.6265,-8.1634,10.0,2026-08-30T11:03:03Z
2.6,-149.288,63.074,76.2,2026-08-30T11:13:59Z
2.8,-174.848,51.746,60.1,2026-08-30T11:15:44Z
4.3,-92.8925,14.0451,34.44,2026-08-30T11:21:28Z
2.5,-151.385,60.822,75.1,2026-08-30T11:34:03Z
2.9,-179.9222,51.3015,35.0,2026-08-30T13:36:37Z
2.8,-162.928,52.5617,10.0,2026-08-30T13:56:01Z
2.7,-104.26,31.659,7.6508,2026-08-30T14:27:57Z
4.5,80.6146,42.3002,10.0,2026-08-30T14:50:31Z
3.32,-65.0275,18.8221666666667,54.32,2026-08-30T15:33:01Z
4.7,-69.6534,-18.2063,113.061,2026-08-30T16:04:08Z
2.9,-179.486,51.586,12.314,2026-08-30T17:22:56Z
3.0,-178.0407,51.3473,35.0,2026-08-30T17:38:21Z
4.5,141.799,-3.869,47.786,2026-08-30T18:18:49Z
2.5,-150.712,61.752,63.1,2026-08-30T18:25:38Z
2.63,-155.4905,19.178,30.99,2026-08-30T18:41:19Z
4.3,138.7299,-2.5928,35.17,2026-08-30T19:57:01Z
4.8,166.6424,-12.4033,10.0,2026-08-30T21:16:39Z
2.78,-155.3585,19.0655,31.77,2026-08-30T21:18:37Z
2.7,-170.932,52.096,19.8,2026-08-30T21:46:56Z
4.5,141.3407,-3.948,50.059,2026-08-30T22:07:25Z
4.5,177.4427,-36.9141,182.31,2026-08-30T22:08:03Z
3.8,-164.9221,53.6456,21.154,2026-08-30T22:24:17Z
2.9,-140.621,59.922,3.0,2026-08-30T22:27:18Z
4.2,-177.754,-21.3393,388.741,2026-08-30T22:51:04Z
4.5,166.2129,-10.9175,162.262,2026-08-30T23:38:12Z
4.6,-23.3629,-57.9298,10.0,2026-08-30T23:40:13Z
4.6,89.7359,-41.8509,10.0,2026-08-31T00:29:26Z
2.88,-66.8091666666667,18.0133333333333,16.66,2026-08-31T00:42:28Z
4.3,120.1143,-8.4762,10.0,2026-08-31T00:42:36Z
4.5,-79.0413,-9.6631,57.138,2026-08-31T01:08:05Z
2.65,-115.208166666667,32.3705,17.7,2026-08-31T02:16:31Z
2.9,-176.1914,51.2971,35.0,2026-08-31T02:49:39Z
2.84,-66.4453333333333,18.549,95.86,2026-08-31T03:39:35Z
3.1,-156.819,54.778,4.9,2026-08-31T03:40:39Z
2.6,-166.368,52.876,57.1,2026-08-31T03:59:33Z
4.9,126.1362,9.6408,83.891,2026-08-31T04:04:34Z
4.5,179.8021,-25.2065,508.306,2026-08-31T04:38:22Z
2.6,-165.374,52.906,20.0,2026-08-31T05:18:44Z
3.12,-65.8015,18.3601666666667,128.42,2026-08-31T06:53:28Z
5.5,120.6119,-8.241,10.0,2026-08-31T08:03:28Z
3.0,-104.112,31.737,8.1378,2026-08-31T08:28:38Z
4.4,-126.4438,40.535,10.0,2026-08-31T08:36:48Z
2.7,-126.6668,43.4204,10.0,2026-08-31T08:59:54Z
3.2,-104.112,31.736,7.9327,2026-08-31T09:16:09Z
4.6,148.2193,45.1453,147.811,2026-08-31T09:19:57Z
2.91,-116.401166666667,33.484,9.89,2026-08-31T11:04:24Z
4.7,-75.4097,-12.1824,10.0,2026-08-31T11:53:26Z
4.1,-72.8022,-15.9699,110.855,2026-08-31T14:07:43Z
4.2,119.614,-8.3284,187.821,2026-08-31T14:25:51Z
4.3,51.4419,30.714,10.0,2026-08-31T15:21:59Z
4.4,-103.9231,10.0098,10.0,2026-08-31T17:15:43Z
2.57,-125.467333333333,40.4496666666667,10.0,2026-08-31T18:00:41Z
4.4,-95.8638,-36.8787,10.0,2026-08-31T18:05:27Z
4.6,-88.4481,12.2028,35.0,2026-08-31T18:56:28Z
4.2,71.1942,36.5523,101.686,2026-08-31T19:36:56Z
4.8,158.161,-9.0429,10.0,2026-08-31T20:00:29Z
3.05,-67.5043333333333,18.1778333333333,8.11,2026-08-31T20:37:30Z
4.3,-70.8207,-25.7558,27.839,2026-08-31T21:30:16Z
4.4,94.3608,6.9239,10.0,2026-08-31T21:32:14Z
2.9,-127.0213,40.6825,16.306,2026-08-31T21:38:46Z
4.6,-27.6228,-55.9613,92.793,2026-08-31T21:45:57Z
4.3,70.5872,34.6025,48.166,2026-08-31T22:01:38Z
4.4,168.8117,54.0709,10.0,2026-08-31T23:05:19Z
4.1,-164.9449,55.0501,179.289,2026-08-31T23:16:53Z
4.8,-177.994,-20.4066,533.035,2026-09-01T01:29:10Z
3.3,-161.1496,55.9965,192.579,2026-09-01T02:22:48Z
3.42,-68.2475,18.4445,93.89,2026-09-01T03:03:51Z
3.0,-177.038,51.414,40.2,2026-09-01T03:04:24Z
3.6,-82.4204,8.6353,10.0,2026-09-01T04:50:45Z
4.6,131.0442,-4.2388,35.0,2026-09-01T05:06:33Z
4.5,51.5353,30.778,10.0,2026-09-01T06:15:13Z
5.3,-169.4456,52.2132,26.001,2026-09-01T06:44:36Z
3.7,-169.2532,52.2057,25.66,2026-09-01T06:52:14Z
3.2,-169.281,52.158,11.8,2026-09-01T06:56:33Z
4.5,-169.3391,52.0389,42.225,2026-09-01T07:05:57Z
3.6,-169.2599,52.217,10.0,2026-09-01T07:12:40Z
3.4,-169.2449,52.1239,10.0,2026-09-01T07:19:34Z
3.4,-169.2786,52.1727,10.0,2026-09-01T07:26:50Z
3.6,-169.2933,52.0226,10.0,2026-09-01T07:30:13Z
2.9,-169.196,52.077,7.3,2026-09-01T07:34:54Z
3.1,-169.196,52.068,9.6,2026-09-01T07:39:34Z
4.5,-169.2588,52.1624,37.559,2026-09-01T07:45:38Z
2.6,-176.062,51.322,29.1,2026-09-01T07:53:38Z
3.5,-176.88,51.432,22.9,2026-09-01T07:56:51Z
4.1,-169.313,52.144,14.3,2026-09-01T08:06:48Z
4.2,-169.221,52.071,8.1,2026-09-01T08:18:45Z
5.6,128.8054,0.1685,10.0,2026-09-01T08:22:20Z
3.4,-169.325,52.16,12.4,2026-09-01T08:35:06Z
3.1,-169.342,52.091,13.9,2026-09-01T08:39:12Z
3.6,-169.216,52.116,12.5,2026-09-01T09:02:40Z
2.8,-178.777,51.195,40.2,2026-09-01T09:33:58Z
3.3,-169.212,52.09,13.1,2026-09-01T09:49:01Z
2.5,-150.462,63.178,113.4,2026-09-01T10:13:22Z
3.8,-169.168,52.152,7.4,2026-09-01T10:25:23Z
4.9,-175.4039,-19.4439,198.068,2026-09-01T10:34:48Z
3.25,-64.7701666666667,19.2065,61.52,2026-09-01T11:44:56Z
4.6,-71.9434,-29.4696,10.0,2026-09-01T12:15:51Z
3.3,-159.714,54.967,5.0,2026-09-01T12:29:18Z
2.5,-146.456,61.568,21.2,2026-09-01T13:19:50Z
5.2,125.7229,5.0959,113.117,2026-09-01T13:22:29Z
4.6,-169.4311,52.2673,35.0,2026-09-01T13:47:19Z
3.6,-98.102,28.897,8.6209,2026-09-01T14:26:42Z
4.2,127.5101,-6.6886,418.75,2026-09-01T14:41:12Z
3.3,-169.2437,52.1064,19.794,2026-09-01T15:10:27Z
3.44,-68.5158333333333,17.9688333333333,60.32,2026-09-01T15:15:01Z
2.79,-66.6278333333333,18.8591666666667,15.84,2026-09-01T15:31:54Z
3.1,-169.2763,52.0601,9.176,2026-09-01T16:51:00Z
4.2,-74.4786,7.718,83.04,2026-09-01T17:05:06Z
2.61,-155.498666666667,19.1973333333333,32.34,2026-09-01T17:29:27Z
4.3,142.3327,42.0319,65.908,2026-09-01T17:50:01Z
4.9,120.6653,-8.1981,10.0,2026-09-01T18:11:46Z
2.6,-155.146,58.63,139.3,2026-09-01T18:34:25Z
5.0,169.7122,-20.4489,122.685,2026-09-01T18:37:28Z
3.0,-169.1513,52.4116,10.0,2026-09-01T18:42:53Z
4.4,70.2239,36.5168,212.943,2026-09-01T18:51:07Z
4.2,-92.9172,14.303,35.0,2026-09-01T18:58:23Z
4.1,160.1263,51.9574,43.089,2026-09-01T19:04:05Z
4.6,142.0312,41.5941,61.978,2026-09-01T19:21:21Z
2.8,-98.093,28.891,7.4913,2026-09-01T19:23:08Z
2.6,-167.0276,52.0393,10.0,2026-09-01T20:05:12Z
2.8,-173.4079,52.0421,11.642,2026-09-01T20:12:40Z
2.9,-156.354,56.606,56.4,2026-09-01T20:19:31Z
2.6,-140.1452,60.9881,5.0,2026-09-01T20:24:28Z
4.4,-169.2866,52.0422,10.0,2026-09-01T20:47:10Z
2.8,-169.2,51.98,13.8,2026-09-01T22:04:07Z
3.6,-169.2926,52.4069,35.0,2026-09-01T22:16:40Z
3.5,-169.3474,52.0628,10.0,2026-09-01T22:33:13Z
4.6,66.5245,-13.186,10.0,2026-09-01T22:37:43Z
4.7,66.5918,-13.1136,10.0,2026-09-01T22:42:09Z
2.5,-178.2034,51.3926,51.638,2026-09-01T23:13:01Z
4.2,131.6549,31.8719,53.699,2026-09-01T23:24:38Z
4.0,48.6318,40.7757,10.0,2026-09-01T23:39:01Z
4.6,66.6421,-13.1772,10.0,2026-09-01T23:45:23Z
4.5,-179.6286,-25.2424,525.844,2026-09-01T23:46:31Z
5.3,139.2891,-3.224,70.554,2026-09-02T00:04:55Z
3.6,-143.633,69.436,1.1,2026-09-02T00:05:18Z
3.0,-143.499,69.469,4.9,2026-09-02T01:16:09Z
4.2,69.4499,34.3239,10.0,2026-09-02T01:47:21Z
2.8,-169.3311,51.9222,10.0,2026-09-02T01:58:46Z
4.1,-69.2391,-20.9293,116.86,2026-09-02T03:01:25Z
2.7,-169.182,52.107,9.8,2026-09-02T03:08:11Z
3.8,-176.1995,51.2956,17.729,2026-09-02T04:06:38Z
2.89,-66.8176666666667,17.9856666666667,12.56,2026-09-02T04:42:46Z
3.3,-178.4788,51.0484,10.0,2026-09-02T05:07:21Z
4.5,152.4883,48.1337,144.079,2026-09-02T05:08:38Z
4.9,-169.369,52.1067,38.517,2026-09-02T05:10:27Z
5.2,-169.295,52.1186,35.0,2026-09-02T05:14:00Z
4.9,-169.316,52.218,18.8,2026-09-02T05:16:05Z
3.9,-169.196,52.054,12.0,2026-09-02T05:18:15Z
3.4,-143.684,69.421,4.3,2026-09-02T05:40:40Z
4.6,-169.2582,52.0603,16.733,2026-09-02T05:40:52Z
2.7,-169.32,52.087,18.2,2026-09-02T05:44:51Z
2.7,-169.172,52.195,8.7,2026-09-02T05:46:34Z
2.7,-169.233,52.278,26.3,2026-09-02T05:47:15Z
3.9,-169.1432,52.1241,10.0,2026-09-02T05:54:56Z
4.1,-92.7163,14.3416,29.344,2026-09-02T06:06:30Z
4.7,120.6856,-8.2826,10.0,2026-09-02T06:06:40Z
5.3,168.3029,-44.4431,10.0,2026-09-02T06:13:33Z
3.2,-158.7092,53.5508,18.333,2026-09-02T06:14:56Z
2.7,-169.09,52.052,1.9,2026-09-02T06:20:19Z
3.3,-178.4795,51.0508,10.0,2026-09-02T06:20:47Z
2.8,-169.4563,51.9724,10.0,2026-09-02T06:25:23Z
2.8,-169.0,52.046,2.1,2026-09-02T06:37:03Z
2.5,-164.72,53.548,21.2,2026-09-02T06:41:20Z
4.3,-169.2806,52.1886,29.654,2026-09-02T06:42:18Z
5.2,168.2503,-44.4277,10.0,2026-09-02T06:57:12Z
3.0,-173.716,51.745,50.2,2026-09-02T07:03:53Z
2.5,178.914,51.776,19.9,2026-09-02T07:09:30Z
4.0,-169.3645,52.1442,35.0,2026-09-02T07:12:42Z
3.8,-169.258,52.072,13.5,2026-09-02T07:15:05Z
2.7,-169.145,52.064,10.3,2026-09-02T07:55:32Z
2.8,-169.182,52.176,7.2,2026-09-02T08:12:07Z
2.7,-169.122,52.194,5.0,2026-09-02T08:16:10Z
2.72,-122.077666666667,39.7418333333333,25.92,2026-09-02T08:18:27Z
3.1,-176.131,51.356,21.3,2026-09-02T08:25:08Z
3.79,-63.7791,17.4213,135.0,2026-09-02T08:33:00Z
3.4,-169.107,52.173,4.0,2026-09-02T08:35:36Z
2.8,-169.176,52.106,11.6,2026-09-02T08:42:31Z
3.8,-169.323,52.176,17.2,2026-09-02T08:55:53Z
2.9,-169.17,52.256,13.4,2026-09-02T09:04:05Z
4.1,-169.24,52.074,9.1,2026-09-02T09:20:30Z
3.1,-169.08,52.095,2.5,2026-09-02T09:22:18Z
3.7,-169.135,52.055,5.1,2026-09-02T09:59:30Z
3.1,-169.344,52.032,21.9,2026-09-02T10:03:25Z
5.2,-26.904,-56.3968,84.064,2026-09-02T10:54:02Z
3.0,-169.138,52.124,5.8,2026-09-02T11:40:51Z
2.9,-169.377,52.003,28.2,2026-09-02T11:49:23Z
2.7,-155.233,57.161,56.5,2026-09-02T12:27:09Z
5.6,-92.9873,14.3909,10.0,2026-09-02T12:28:31Z
2.6,-176.453,51.608,71.5,2026-09-02T12:31:18Z
5.2,-169.4988,52.3538,35.0,2026-09-02T12:32:01Z
5.9,-109.0259,-34.9815,10.0,2026-09-02T12:35:56Z
3.2,-117.589166666667,34.0145,6.14,2026-09-02T12:37:12Z
4.3,-93.277,14.3268,32.472,2026-09-02T13:43:18Z
4.9,144.0445,22.9106,39.416,2026-09-02T13:53:02Z
2.6,-161.487,54.276,6.2,2026-09-02T15:13:32Z
2.5,-164.831,53.48,15.1,2026-09-02T15:54:26Z
2.6,-164.9503,53.484,29.736,2026-09-02T16:04:23Z
2.5,-163.6797,53.4699,6.069,2026-09-02T16:59:09Z
2.8,-156.344,56.434,26.9,2026-09-02T17:06:57Z
4.4,121.3268,21.5597,35.0,2026-09-02T17:32:46Z
3.2,-169.2628,52.1279,10.0,2026-09-02T18:43:34Z
2.7,-169.455,52.1534,34.546,2026-09-02T19:00:20Z
3.0,-155.577,56.835,55.6,2026-09-02T19:13:54Z
3.3,-169.2491,52.0486,10.0,2026-09-02T19:35:51Z
5.4,146.175,-7.1321,57.516,2026-09-02T20:04:32Z
4.2,-92.1699,14.9275,99.566,2026-09-02T20:06:26Z
4.5,126.5871,6.6151,67.015,2026-09-02T21:00:20Z
4.1,-177.7475,-25.1604,204.145,2026-09-02T21:19:30Z
5.4,169.4503,-20.2571,73.331,2026-09-02T21:22:06Z
4.3,-73.815,-15.7688,58.206,2026-09-02T21:25:00Z
3.21,-64.729,19.1393333333333,27.58,2026-09-02T22:40:17Z
3.0,-156.979,54.874,0.9,2026-09-02T22:53:08Z
6.2,-27.9085,-56.2062,125.905,2026-09-02T23:46:57Z
4.6,-178.0581,-17.4745,581.432,2026-09-03T00:09:28Z
2.5,-143.37,69.424,10.0,2026-09-03T02:44:59Z
3.2,-126.8602,43.0999,10.0,2026-09-03T04:13:56Z
3.0,-109.8715,41.5616666666667,-2.22,2026-09-03T04:32:33Z
4.5,-26.1421,-55.8597,10.0,2026-09-03T05:10:19Z
4.5,-76.7157,4.3985,71.437,2026-09-03T05:17:15Z
4.4,-68.3114,-23.0827,139.413,2026-09-03T05:52:16Z
5.1,-71.5077,-29.7624,59.445,2026-09-03T06:04:03Z
4.1,-178.1433,-18.3371,492.936,2026-09-03T06:10:10Z
4.4,87.1312,43.6984,10.0,2026-09-03T06:18:43Z
2.98,-155.496333333333,19.1991666666667,30.12,2026-09-03T06:22:57Z
2.78,-155.498833333333,19.1863333333333,30.7,2026-09-03T06:42:57Z
3.0,-160.0182,54.5388,8.231,2026-09-03T07:35:21Z
4.5,56.3022,14.6867,10.0,2026-09-03T07:45:17Z
4.6,-176.3348,-20.8259,205.443,2026-09-03T07:46:18Z
5.1,80.3486,31.3933,10.0,2026-09-03T08:16:36Z
2.5,-168.1217,52.6442,35.0,2026-09-03T09:14:10Z
2.6,-152.274,60.124,90.6,2026-09-03T10:34:13Z
6.3,-169.4088,52.2579,35.0,2026-09-03T11:17:24Z
4.2,-169.355,52.25,17.4,2026-09-03T11:22:44Z
5.2,-169.4182,52.1321,45.17,2026-09-03T11:24:55Z
3.4,-169.243,52.028,19.8,2026-09-03T11:28:42Z
3.4,-169.27,52.049,13.1,2026-09-03T11:29:44Z
3.8,-169.219,52.168,12.9,2026-09-03T11:33:22Z
4.8,-94.6336,17.6542,158.984,2026-09-03T11:33:52Z
3.1,-169.27,52.099,12.8,2026-09-03T11:37:57Z
3.3,-149.485,62.772,71.4,2026-09-03T11:38:02Z
3.4,-169.168,52.156,4.0,2026-09-03T11:38:53Z
4.9,-169.5607,52.3458,35.0,2026-09-03T11:39:41Z
5.4,104.5066,31.8458,10.0,2026-09-03T11:39:41Z
3.6,-169.25,52.186,11.1,2026-09-03T11:53:09Z
2.8,-169.124,52.181,10.2,2026-09-03T12:07:03Z
3.1,-169.338,52.072,23.3,2026-09-03T12:15:38Z
2.9,-169.242,52.231,10.6,2026-09-03T12:24:52Z
4.9,-169.579,52.253,44.444,2026-09-03T12:39:34Z
3.0,-169.18,52.221,11.9,2026-09-03T12:48:22Z
3.1,-169.275,52.203,9.7,2026-09-03T12:58:25Z
3.0,-169.5489,51.883,10.0,2026-09-03T13:01:45Z
5.2,-169.1988,52.0562,10.0,2026-09-03T13:03:18Z
3.6,-169.3422,52.1435,10.0,2026-09-03T13:20:25Z
3.9,-169.2616,52.0887,10.0,2026-09-03T13:27:17Z
2.61,-155.353,19.0685,31.91,2026-09-03T13:32:08Z
2.5,-169.1422,52.2501,10.0,2026-09-03T13:34:37Z
3.4,-169.1272,52.1248,10.0,2026-09-03T13:40:52Z
4.8,169.3031,-20.0988,113.727,2026-09-03T13:47:10Z
2.6,-169.0518,52.2321,10.0,2026-09-03T13:56:41Z
2.6,-169.2432,52.1803,10.0,2026-09-03T14:02:35Z
4.2,126.9428,5.4838,103.552,2026-09-03T14:05:36Z
3.0,-169.1356,52.176,10.0,2026-09-03T14:06:50Z
2.8,-169.085,52.279,16.6,2026-09-03T14:09:00Z
5.0,56.4142,14.4957,10.0,2026-09-03T14:11:31Z
3.0,-169.219,52.224,7.3,2026-09-03T14:15:42Z
4.4,128.509,2.5494,215.716,2026-09-03T14:15:55Z
3.2,-169.3274,52.1134,10.0,2026-09-03T14:17:44Z
4.1,-169.488,52.3,35.0,2026-09-03T14:27:36Z
2.7,-169.4137,51.7805,10.0,2026-09-03T14:36:24Z
4.2,-169.4746,52.3837,35.0,2026-09-03T14:39:36Z
2.7,-169.2081,52.1283,10.0,2026-09-03T14:56:26Z
2.6,-175.953,51.405,26.6,2026-09-03T15:02:08Z
2.5,-169.1087,52.1309,10.0,2026-09-03T15:24:10Z
4.5,-169.2869,52.2839,35.0,2026-09-03T15:42:01Z
2.5,-169.0266,52.0671,10.0,2026-09-03T15:52:37Z
4.3,120.737,-7.7789,10.0,2026-09-03T16:04:36Z
2.7,-169.357,52.255,16.5,2026-09-03T16:04:51Z
2.9,-169.089,51.958,19.5,2026-09-03T16:07:26Z
2.6,-169.1417,52.3201,10.0,2026-09-03T16:08:29Z
4.8,-169.4187,52.2887,35.0,2026-09-03T16:11:25Z
2.7,-169.2352,52.0324,10.0,2026-09-03T16:15:47Z
3.6,-168.907,51.979,6.5,2026-09-03T16:28:53Z
4.3,-169.5156,52.5045,52.603,2026-09-03T16:30:30Z
2.6,-160.002,54.759,18.7,2026-09-03T16:31:22Z
2.7,-169.257,52.103,10.0,2026-09-03T16:46:26Z
3.0,-169.2796,52.0512,10.0,2026-09-03T16:52:15Z
2.8,-169.2474,52.1124,10.0,2026-09-03T16:54:00Z
2.65,-124.174833333333,40.2171666666667,11.64,2026-09-03T16:54:30Z
4.5,-73.0592,6.8319,151.609,2026-09-03T16:58:47Z
5.1,95.4643,37.7769,10.0,2026-09-03T17:04:40Z
4.1,33.5467,40.262,10.0,2026-09-03T17:11:07Z
2.8,-169.261,51.999,23.3,2026-09-03T17:19:27Z
4.3,-174.517,-16.7329,257.692,2026-09-03T17:23:17Z
3.34,-122.715,38.501,8.84,2026-09-03T17:33:27Z
4.1,176.3625,52.0706,8.447,2026-09-03T17:40:05Z
3.1,-169.1739,52.1233,10.0,2026-09-03T17:40:53Z
2.8,-169.218,52.155,10.8,2026-09-03T17:59:58Z
2.52,-112.898166666667,38.5248333333333,1.36,2026-09-03T18:07:08Z
2.7,-148.138,62.585,47.0,2026-09-03T18:07:47Z
2.5,-164.8195,53.5932,29.234,2026-09-03T18:08:26Z
2.7,-164.6247,53.4331,3.64,2026-09-03T18:09:50Z
4.9,-177.537,-18.6586,616.12,2026-09-03T18:31:05Z
3.7,-169.3208,52.1519,24.487,2026-09-03T18:33:56Z
2.6,-169.0975,52.277,10.0,2026-09-03T18:39:47Z
4.1,-177.8882,-19.0372,608.784,2026-09-03T18:42:06Z
2.8,-169.155,52.106,7.1,2026-09-03T18:42:40Z
5.3,-169.3329,52.0027,10.0,2026-09-03T18:45:39Z
2.6,-98.093,28.893,8.854,2026-09-03T18:48:31Z
3.4,-169.3996,52.4426,35.0,2026-09-03T18:49:09Z
4.7,-12.5657,-7.0842,10.0,2026-09-03T18:50:07Z
2.6,-169.1233,52.4004,23.865,2026-09-03T18:53:13Z
3.4,-169.1045,52.1318,10.0,2026-09-03T18:57:06Z
2.7,-169.052,52.142,7.4,2026-09-03T19:06:53Z
3.0,-169.1236,52.0522,10.0,2026-09-03T19:16:36Z
2.5,-169.3551,51.9781,26.52,2026-09-03T19:22:51Z
2.6,-169.1633,51.9219,10.319,2026-09-03T19:25:21Z
4.0,-169.3281,52.4092,37.358,2026-09-03T19:27:43Z
4.4,151.5914,46.1932,80.479,2026-09-03T20:02:38Z
3.0,-169.3044,52.2458,35.0,2026-09-03T20:08:39Z
3.7,-169.3595,52.2159,25.399,2026-09-03T20:14:56Z
5.4,-169.1941,52.015,10.0,2026-09-03T20:21:14Z
5.0,-169.3032,52.4375,33.198,2026-09-03T20:22:25Z
3.8,-169.3457,52.3436,38.198,2026-09-03T20:31:34Z
4.4,-169.3437,52.1609,10.0,2026-09-03T20:40:03Z
2.6,-169.2035,52.2395,15.104,2026-09-03T20:53:19Z
2.8,-169.207,52.252,11.8,2026-09-03T20:56:51Z
4.8,121.6664,-8.3207,10.0,2026-09-03T21:00:10Z
4.9,122.1776,0.5261,111.177,2026-09-03T21:05:15Z
3.0,-64.9845,18.0925,14.14,2026-09-03T21:07:04Z
4.8,-71.2399,-31.8967,81.851,2026-09-03T21:18:21Z
3.19,-67.0575,18.1986666666667,126.27,2026-09-03T21:21:33Z
4.3,70.277,36.4686,209.876,2026-09-03T21:58:46Z
2.6,-166.772,52.495,9.6,2026-09-03T22:00:48Z
2.9,-169.041,52.206,11.5,2026-09-03T22:36:21Z
3.41,-155.359,19.066,31.91,2026-09-03T22:39:02Z
3.0,-169.106,52.128,5.3,2026-09-03T22:39:47Z
3.2,-169.554,52.323,12.5,2026-09-03T22:41:32Z
3.3,-169.2418,52.1742,10.0,2026-09-03T22:42:15Z
2.9,-169.403,52.089,13.9,2026-09-03T22:53:07Z
3.3,-169.2923,52.0907,10.0,2026-09-03T22:54:19Z
2.8,-169.363,52.293,25.3,2026-09-03T23:01:02Z
2.5,-104.387,31.656,6.0999,2026-09-03T23:02:00Z
3.0,-169.2724,52.0704,10.0,2026-09-03T23:12:40Z
3.4,-152.86,59.775,112.1,2026-09-03T23:21:30Z
2.8,-169.117,52.212,10.7,2026-09-03T23:22:26Z
2.7,-169.31,52.257,20.6,2026-09-03T23:25:36Z
2.8,-169.189,51.957,10.0,2026-09-03T23:31:00Z
2.8,-169.159,52.148,10.6,2026-09-03T23:54:25Z
3.2,-169.149,51.826,10.8,2026-09-03T23:57:24Z
2.8,-169.208,52.065,16.8,2026-09-04T00:01:44Z
2.9,-169.322,52.063,24.6,2026-09-04T00:23:46Z
3.0,-169.061,52.136,4.4,2026-09-04T01:15:33Z
3.1,-161.825,56.273,216.7,2026-09-04T01:27:46Z
2.9,-169.125,51.988,7.0,2026-09-04T01:29:34Z
3.2,-169.311,51.961,19.9,2026-09-04T01:38:00Z
3.5,-169.343,52.016,18.4,2026-09-04T01:47:38Z
2.8,-169.107,51.996,0.2,2026-09-04T01:49:58Z
3.9,-169.279,51.971,14.1,2026-09-04T01:50:33Z
2.8,-169.214,52.042,13.7,2026-09-04T01:59:08Z
3.1,-169.331,52.01,27.6,2026-09-04T02:05:48Z
3.8,-169.3462,52.0842,35.755,2026-09-04T02:06:58Z
3.0,-178.286,51.187,16.7,2026-09-04T02:15:05Z
2.8,-169.256,52.035,12.4,2026-09-04T02:19:10Z
2.9,-169.403,51.961,29.4,2026-09-04T02:21:35Z
2.8,-169.118,51.947,8.4,2026-09-04T02:24:24Z
5.0,176.3482,51.9555,10.0,2026-09-04T02:28:38Z
3.0,-169.15,52.161,10.1,2026-09-04T02:39:46Z
3.0,-169.258,51.927,18.5,2026-09-04T02:50:54Z
2.8,-169.312,51.962,24.1,2026-09-04T03:32:30Z
4.1,-159.815,54.5154,35.625,2026-09-04T03:33:10Z
3.7,-169.152,51.939,9.1,2026-09-04T03:34:45Z
2.8,-169.215,52.264,23.5,2026-09-04T03:41:05Z
2.8,-169.346,51.909,29.5,2026-09-04T04:13:28Z
3.1,-104.129,31.542,8.5095,2026-09-04T04:35:25Z
3.5,-169.175,51.984,3.9,2026-09-04T04:38:51Z
5.2,109.0409,-7.9867,10.0,2026-09-04T05:04:54Z
2.8,-169.1366,52.2581,11.614,2026-09-04T05:06:06Z
2.7,-169.071,52.188,9.6,2026-09-04T05:11:01Z
2.6,-168.49,52.469,4.1,2026-09-04T05:13:09Z
2.6,-169.3049,52.0005,10.0,2026-09-04T05:28:30Z
2.5,-169.1385,52.0453,11.383,2026-09-04T05:37:27Z
2.6,-169.3076,51.9779,10.0,2026-09-04T06:12:08Z
5.0,-26.1632,-56.1536,10.0,2026-09-04T06:45:54Z
4.5,-68.5636,-21.3768,130.651,2026-09-04T06:48:06Z
2.8,-169.103,52.218,1.3,2026-09-04T06:51:30Z
2.7,-169.1273,52.1527,15.918,2026-09-04T07:07:10Z
2.8,-169.1728,52.1592,10.0,2026-09-04T07:25:19Z
2.8,-169.39,52.075,16.7,2026-09-04T07:56:29Z
2.5,-166.808,53.07,37.1,2026-09-04T07:59:56Z
2.8,-163.042,54.98,105.4,2026-09-04T08:09:20Z
2.7,-168.993,52.31,4.8,2026-09-04T08:18:29Z
3.23,-65.5816666666667,18.3461666666667,95.89,2026-09-04T08:31:22Z
2.8,-169.328,52.153,21.9,2026-09-04T08:32:06Z
2.8,-169.187,52.212,9.3,2026-09-04T08:43:49Z
4.7,120.0504,15.1784,61.292,2026-09-04T08:48:03Z
2.9,-169.13,52.227,11.6,2026-09-04T08:59:42Z
4.3,121.6177,22.6727,10.0,2026-09-04T09:10:59Z
3.29,-97.63633333,35.01333333,10.24,2026-09-04T09:17:00Z
3.5,-169.246,52.187,12.3,2026-09-04T09:25:21Z
3.7,-129.0824,43.6383,10.0,2026-09-04T09:25:32Z
2.55,-124.999833333333,45.233,3.9,2026-09-04T09:26:18Z
2.6,-169.889,52.455,13.1,2026-09-04T10:08:42Z
2.5,-168.519,52.437,5.0,2026-09-04T10:11:11Z
3.2,-169.226,52.215,14.7,2026-09-04T10:23:45Z
2.94,-66.7555,17.9886666666667,10.34,2026-09-04T10:58:08Z
2.9,-169.331,52.099,11.4,2026-09-04T11:37:25Z
2.6,-163.643,53.91,18.8,2026-09-04T11:50:55Z
5.4,-176.6452,-28.5616,10.0,2026-09-04T11:59:58Z
3.1,-169.125,52.15,15.1,2026-09-04T12:02:52Z
2.9,-165.602,53.438,21.6,2026-09-04T12:03:11Z
2.7,-143.67,69.448,5.0,2026-09-04T12:04:30Z
3.0,-148.831,63.532,4.3,2026-09-04T12:11:54Z
3.54,-155.483666666667,19.1573333333333,11.8,2026-09-04T12:20:33Z
4.9,-177.087,-25.7609,100.7,2026-09-04T13:47:54Z
3.21,-67.6021666666667,18.8636666666667,5.91,2026-09-04T14:06:56Z
2.9,-169.1361,52.0409,10.0,2026-09-04T14:08:47Z
2.5,-150.634,62.825,92.8,2026-09-04T14:09:52Z
3.9,-169.4478,52.2007,35.0,2026-09-04T14:39:54Z
3.1,-169.3023,52.4212,35.0,2026-09-04T14:52:35Z
3.28,-155.501833333333,19.148,32.87,2026-09-04T15:01:26Z
2.7,-148.745,56.701,5.0,2026-09-04T15:04:54Z
2.9,-169.395,52.0167,10.0,2026-09-04T15:33:42Z
5.1,99.0782,1.3016,122.009,2026-09-04T16:24:40Z
3.3,179.5213,50.1674,10.0,2026-09-04T16:33:04Z
3.0,179.4176,50.103,10.0,2026-09-04T16:39:19Z
2.8,-157.702,57.111,2.9,2026-09-04T17:01:54Z
2.6,-169.873,52.491,24.0,2026-09-04T17:27:34Z
2.6,-169.505,52.269,24.8,2026-09-04T17:29:21Z
3.0,-156.199,57.811,131.6,2026-09-04T17:57:40Z
4.6,174.7564,-40.7313,48.818,2026-09-04T18:34:01Z
2.6,-153.208,57.795,42.0,2026-09-04T19:40:20Z
3.5,-156.983,54.796,28.5,2026-09-04T19:49:04Z
4.3,120.5979,14.339,156.132,2026-09-04T20:53:29Z
4.2,-89.8408,13.2764,42.321,2026-09-04T21:10:32Z
2.5,-104.37,31.667,6.9202,2026-09-04T23:14:17Z
4.5,120.6133,-8.2997,10.0,2026-09-04T23:17:48Z
2.5,-151.413,60.727,76.8,2026-09-04T23:23:26Z
2.7,-147.744,64.623,18.2,2026-09-04T23:31:40Z
2.94,-66.4545,19.0521666666667,11.07,2026-09-04T23:37:18Z
5.1,-40.8475,9.4666,10.0,2026-09-04T23:38:40Z
5.5,149.9838,44.9418,32.0,2026-09-04T23:52:29Z
2.7,179.058,51.348,57.5,2026-09-04T23:54:25Z
3.2,-170.434,53.397,161.8,2026-09-05T00:22:03Z
4.5,143.5636,40.6426,33.857,2026-09-05T00:22:45Z
2.5,-143.309,69.911,18.3,2026-09-05T00:30:06Z
2.7,-178.435,51.573,13.3,2026-09-05T00:41:14Z
4.8,-177.8256,-30.7935,33.579,2026-09-05T01:41:01Z
3.2,-169.311,52.082,22.8,2026-09-05T02:00:38Z
2.67,-66.9276666666667,18.093,20.33,2026-09-05T02:16:18Z
3.5,-169.266,52.053,12.0,2026-09-05T02:57:35Z
3.27,-67.4576666666667,19.1206666666667,4.19,2026-09-05T03:07:04Z
2.9,-124.8858,44.3304,10.0,2026-09-05T03:08:53Z
3.06,-67.4855,19.0715,3.52,2026-09-05T03:09:06Z
3.36,-67.4383333333333,19.1018333333333,5.96,2026-09-05T03:10:36Z
2.57,-66.9536666666667,17.9311666666667,9.69,2026-09-05T03:14:57Z
3.1,-169.113,52.013,5.7,2026-09-05T03:16:26Z
2.7,-104.5036,32.3488,5.0,2026-09-05T03:41:56Z
3.0,-169.286,52.062,14.8,2026-09-05T03:43:19Z
2.7,-174.871,51.615,19.6,2026-09-05T04:08:09Z
2.8,-169.437,52.177,17.7,2026-09-05T04:09:55Z
2.8,-169.184,52.027,9.0,2026-09-05T04:18:51Z
2.7,-70.4621,-20.2639,44.494,2026-09-05T04:47:41Z
5.0,-83.151,3.5071,10.0,2026-09-05T05:00:06Z
4.4,-83.0826,3.4509,10.0,2026-09-05T05:16:35Z
2.6,-178.061,51.004,16.3,2026-09-05T05:23:16Z
2.5,-177.483,51.734,93.0,2026-09-05T05:52:15Z
2.8,-169.281,52.085,12.1,2026-09-05T06:18:04Z
4.5,123.1527,-0.1498,202.347,2026-09-05T06:34:55Z
4.4,-68.9315,-20.4897,109.393,2026-09-05T07:28:23Z
3.68,-66.1496,19.5255,11.0,2026-09-05T07:54:23Z
4.3,-67.7185,-21.273,217.301,2026-09-05T08:13:01Z
2.7,-169.427,52.156,14.3,2026-09-05T09:08:57Z
4.5,96.1107,3.2202,10.0,2026-09-05T09:14:15Z
2.7,-169.377,52.033,19.8,2026-09-05T09:58:33Z
2.9,-115.0117,44.2332,10.0,2026-09-05T10:03:21Z
2.6,-147.728,63.188,1.1,2026-09-05T10:22:40Z
4.6,67.4758,-9.0047,10.0,2026-09-05T10:54:04Z
2.6,-144.017,69.452,5.0,2026-09-05T10:55:25Z
5.0,102.7513,-4.4202,68.934,2026-09-05T10:59:15Z
3.75,-122.642,46.2465,17.67,2026-09-05T11:09:28Z
2.6,-179.835,51.013,6.5,2026-09-05T11:32:16Z
5.1,-66.7176,-26.1078,10.0,2026-09-05T11:37:12Z
2.8,-169.285,52.032,15.1,2026-09-05T12:27:07Z
4.4,167.1398,-14.435,166.28,2026-09-05T12:55:05Z
2.8,-169.088,51.916,6.7,2026-09-05T12:55:23Z
2.6,-176.308,51.268,19.3,2026-09-05T13:23:36Z
2.5,-179.539,51.777,119.4,2026-09-05T14:02:29Z
5.2,98.6095,1.0574,91.853,2026-09-05T14:06:07Z
5.5,153.7143,-4.5717,109.0,2026-09-05T14:12:06Z
2.6,-166.636,53.0,15.0,2026-09-05T14:40:59Z
3.6,-101.703,31.715,6.8115,2026-09-05T14:46:57Z
3.0,-169.047,52.253,7.3,2026-09-05T14:49:53Z
2.7,-169.06,52.259,5.0,2026-09-05T16:09:37Z
3.0,-169.282,52.022,19.7,2026-09-05T16:14:22Z
5.6,170.1102,-19.7418,9.0,2026-09-05T17:02:11Z
5.4,67.803,-0.503,10.0,2026-09-05T17:25:52Z
2.7,-67.389,18.1911666666667,14.55,2026-09-05T17:25:55Z
4.9,-169.32,52.2263,28.945,2026-09-05T18:00:08Z
2.8,-169.098,52.282,20.0,2026-09-05T18:11:38Z
2.5,-164.814,53.476,15.6,2026-09-05T18:32:22Z
3.9,173.8015,-39.2175,10.089,2026-09-05T18:46:09Z
3.2,-176.3113,51.284,35.0,2026-09-05T19:16:47Z
4.2,72.0665,37.4171,191.788,2026-09-05T19:51:13Z
4.7,170.104,-19.914,10.0,2026-09-05T21:06:01Z
2.5,-176.562,51.355,26.5,2026-09-05T22:09:40Z
4.1,127.7577,3.2041,101.325,2026-09-05T22:33:55Z
3.4,175.314,50.875,20.0,2026-09-05T22:37:26Z
3.5,-170.352,54.177,156.7,2026-09-05T22:47:43Z
3.9,-147.124,69.319,15.7,2026-09-05T23:15:16Z
2.9,-149.914,61.252,38.9,2026-09-05T23:31:38Z
4.6,169.2507,-18.8949,240.38,2026-09-05T23:46:26Z
2.8,-159.742,55.917,8.5,2026-09-06T00:59:23Z
2.8,-169.192,52.13,7.8,2026-09-06T01:06:51Z
2.5,-177.346,51.464,60.0,2026-09-06T01:06:55Z
3.5,-69.9347,-20.6208,49.996,2026-09-06T01:27:25Z
4.2,-14.92,70.6365,10.0,2026-09-06T02:13:27Z
2.7,-167.228,53.275,77.6,2026-09-06T02:19:00Z
3.1,-179.512,51.068,17.7,2026-09-06T02:35:05Z
5.3,-93.2487,14.1551,10.0,2026-09-06T02:56:32Z
2.6,-175.657,50.995,7.9,2026-09-06T03:25:30Z
3.41,-64.4975,18.5276666666667,7.34,2026-09-06T03:55:41Z
4.3,-90.4217,12.3142,10.0,2026-09-06T04:00:21Z
5.6,162.519,-11.0595,38.543,2026-09-06T04:05:30Z
2.5,-178.613,51.269,1.0,2026-09-06T04:12:58Z
3.7,-169.21,52.007,10.1,2026-09-06T04:22:23Z
2.9,-169.398,52.022,22.3,2026-09-06T04:26:27Z
4.6,-176.8095,-28.5523,10.0,2026-09-06T04:52:40Z
2.9,-169.165,52.025,10.5,2026-09-06T05:10:07Z
4.9,142.9698,40.7281,34.398,2026-09-06T05:15:45Z
2.93,-155.096333333333,19.638,34.45,2026-09-06T05:31:30Z
4.4,120.2663,-8.1041,29.806,2026-09-06T06:06:05Z
4.6,123.3003,-0.3104,10.0,2026-09-06T06:41:21Z
3.07,-118.2095,33.8645,15.81,2026-09-06T07:13:11Z
2.8,-169.33,52.175,20.8,2026-09-06T07:49:02Z
2.9,-169.025,52.17,1.0,2026-09-06T09:03:38Z
4.2,-72.7654,-17.21,35.0,2026-09-06T09:14:26Z
2.8,-161.02,54.486,0.6,2026-09-06T09:52:44Z
5.2,-115.6112,-24.5304,10.0,2026-09-06T10:32:28Z
5.2,-116.0305,-24.5229,10.0,2026-09-06T10:38:18Z
4.8,-68.7038,-22.2344,115.537,2026-09-06T10:39:32Z
2.7,-148.035,60.047,36.9,2026-09-06T10:50:00Z
2.8,-169.736,52.319,14.0,2026-09-06T11:06:29Z
2.5,-177.436,51.194,28.4,2026-09-06T11:09:52Z
4.6,123.9675,-8.3411,150.632,2026-09-06T11:15:46Z
2.9,-169.357,52.124,16.6,2026-09-06T11:18:11Z
2.5,-104.128,31.542,8.8428,2026-09-06T11:24:04Z
5.2,-115.8082,-24.2436,10.0,2026-09-06T12:00:16Z
2.5,-155.584,56.758,7.1,2026-09-06T12:07:22Z
4.6,140.9156,33.2038,35.0,2026-09-06T12:17:14Z
2.6,-155.032,58.62,132.3,2026-09-06T12:23:47Z
2.8,-169.147,51.962,18.3,2026-09-06T12:30:39Z
3.0,-162.488,54.1,2.4,2026-09-06T12:49:20Z
4.7,7.1688,76.1481,10.0,2026-09-06T12:50:34Z
2.8,-163.0548,54.836,99.754,2026-09-06T13:09:33Z
4.1,179.9338,-24.1078,526.71,2026-09-06T14:22:48Z
2.7,-175.5714,51.3499,35.0,2026-09-06T14:39:00Z
4.3,159.7292,53.0785,51.53,2026-09-06T14:52:06Z
3.1,-169.3393,52.0016,10.0,2026-09-06T14:58:56Z
4.2,-68.5177,-21.6117,121.645,2026-09-06T15:07:49Z
3.6,-169.139,52.0965,10.0,2026-09-06T15:28:07Z
2.94,-117.840666666667,36.0688333333333,2.81,2026-09-06T15:33:40Z
3.3,-115.18,44.3368,10.0,2026-09-06T15:35:24Z
4.4,130.9813,28.1937,10.0,2026-09-06T15:40:45Z
2.5,-167.654,52.769,1.0,2026-09-06T16:18:33Z
4.5,121.3793,22.6648,28.486,2026-09-06T16:37:00Z
4.2,128.6598,-7.2728,145.064,2026-09-06T17:19:46Z
4.0,146.0731,15.6528,94.759,2026-09-06T17:49:18Z
2.8,-178.9783,51.341,29.791,2026-09-06T18:06:18Z
4.3,162.7486,56.3841,27.815,2026-09-06T18:31:28Z
4.8,-99.2958,16.3468,10.0,2026-09-06T18:46:18Z
3.9,145.8811,19.6992,109.765,2026-09-06T19:05:05Z
4.3,67.2987,-8.9179,10.0,2026-09-06T20:19:38Z
2.5,-160.711,54.522,4.8,2026-09-06T20:22:53Z
2.8,-164.926,53.5616,35.0,2026-09-06T20:27:20Z
4.5,-178.4604,-17.9173,604.948,2026-09-06T21:08:43Z
2.7,-169.217,52.182,10.8,2026-09-06T21:14:22Z
2.6,-146.371,61.601,20.3,2026-09-06T22:02:07Z
4.1,27.7057,45.5869,10.0,2026-09-06T22:08:58Z
4.2,121.0995,13.5914,133.971,2026-09-06T22:13:31Z
4.1,153.1235,-5.2338,35.0,2026-09-06T22:15:03Z
4.4,-76.795,4.5418,61.61,2026-09-06T22:15:38Z
2.7,-169.172,52.152,11.2,2026-09-06T22:40:21Z
2.6,-161.3814,54.3654,10.0,2026-09-06T22:44:58Z
3.4,-178.4169,51.0168,5.0,2026-09-06T23:32:42Z
2.8,-148.63,68.631,3.0,2026-09-06T23:37:16Z
2.7,-169.127,51.911,5.9,2026-09-06T23:41:03Z
2.8,-169.271,52.073,13.3,2026-09-06T23:52:26Z
3.9,70.5389,36.0942,158.774,2026-09-07T00:06:22Z
2.8,-146.487,61.547,20.1,2026-09-07T00:19:38Z
4.1,120.9657,-8.1509,69.754,2026-09-07T00:56:57Z
3.7,176.5226,51.6665,35.0,2026-09-07T01:02:44Z
3.9,-128.1908,43.778,12.294,2026-09-07T01:30:01Z
5.3,-128.2038,43.9019,10.0,2026-09-07T01:30:24Z
3.3,-138.9725,57.9129,10.0,2026-09-07T01:59:36Z
4.0,-138.874,57.914,16.1,2026-09-07T01:59:54Z
5.0,178.5443,-30.9663,585.146,2026-09-07T02:06:48Z
3.3,-166.6651,53.896,8.776,2026-09-07T02:08:48Z
4.9,178.6445,-31.1216,585.921,2026-09-07T02:11:51Z
3.2,-169.2299,52.2803,35.0,2026-09-07T02:28:05Z
4.5,179.6916,-24.8477,512.564,2026-09-07T02:29:41Z
4.7,178.6194,-31.2726,586.221,2026-09-07T02:30:21Z
2.6,-125.7795,44.0371,10.0,2026-09-07T02:35:59Z
3.64,-68.7458,18.5473,143.0,2026-09-07T02:46:38Z
4.4,112.9125,-9.3217,10.0,2026-09-07T02:48:35Z
3.2,-170.646,62.434,10.0,2026-09-07T02:57:24Z
3.2,-166.6654,53.8979,10.847,2026-09-07T03:17:25Z
2.6,-169.191,52.21,12.2,2026-09-07T03:18:57Z
3.44,-110.2185,44.0468333333333,6.93,2026-09-07T04:25:01Z
5.5,171.6769,-23.4192,10.0,2026-09-07T05:50:44Z
2.7,-175.1358,51.4209,35.0,2026-09-07T07:02:44Z
2.8,-150.656,63.045,122.4,2026-09-07T07:07:36Z
2.67,-110.225833333333,44.0513333333333,7.3,2026-09-07T07:43:44Z
3.18,-67.0481666666667,18.2023333333333,121.93,2026-09-07T08:08:04Z
2.7,-169.303,52.127,11.3,2026-09-07T09:15:06Z
2.8,-150.057,56.1153,10.0,2026-09-07T10:23:38Z
3.02,-64.9836666666667,18.6896666666667,77.45,2026-09-07T10:41:28Z
2.8,-169.41,51.879,4.7,2026-09-07T10:46:54Z
2.54,-156.6235,20.1278333333333,-0.64,2026-09-07T11:22:18Z
3.2,-169.29,51.903,18.2,2026-09-07T12:17:06Z
2.7,-169.097,52.146,12.9,2026-09-07T13:05:19Z
2.7,-103.24,32.005,6.0999,2026-09-07T13:11:15Z
2.7,-169.34,52.027,21.5,2026-09-07T13:14:48Z
4.4,56.1983,15.0187,10.0,2026-09-07T13:24:05Z
4.3,128.6027,2.3428,232.067,2026-09-07T13:33:39Z
2.7,-169.3288,52.2012,35.0,2026-09-07T14:18:12Z
2.6,-146.154,69.729,3.6,2026-09-07T14:23:36Z
2.7,-162.4605,54.2031,8.222,2026-09-07T14:27:50Z
4.4,50.2015,12.9343,10.0,2026-09-07T15:43:18Z
4.2,153.3188,-4.9892,45.598,2026-09-07T16:50:41Z
4.4,149.2661,44.4341,35.0,2026-09-07T16:54:57Z
4.6,103.5392,27.1234,10.0,2026-09-07T17:31:42Z
3.5,-149.328,63.031,82.2,2026-09-07T18:01:15Z
2.5,-160.171,54.567,7.3,2026-09-07T19:17:02Z
3.17,-66.9951666666667,18.7436666666667,13.9,2026-09-07T20:10:15Z
2.6,-150.369,61.991,62.9,2026-09-07T20:12:17Z
3.1,-160.1109,54.3794,35.0,2026-09-07T20:18:12Z
2.7,-166.605,52.522,8.0,2026-09-07T21:13:44Z
4.3,152.5002,-4.4377,65.688,2026-09-07T21:15:54Z
3.67,-123.6775,40.5625,24.25,2026-09-07T21:44:24Z
4.5,-69.238,-25.0316,89.873,2026-09-07T21:54:38Z
4.4,152.7523,-5.1545,35.0,2026-09-07T22:12:19Z
2.5,178.877,51.539,60.5,2026-09-07T22:25:13Z
4.3,-71.3351,-35.5453,108.285,2026-09-07T22:25:36Z
4.3,-178.7479,-17.4618,543.924,2026-09-07T22:35:23Z
5.1,170.1194,-19.8072,10.0,2026-09-08T00:52:02Z
4.3,-67.1868,-24.1437,167.68,2026-09-08T01:24:15Z
4.5,-179.7628,-22.3345,568.559,2026-09-08T01:39:35Z
2.8,-143.492,69.448,5.7,2026-09-08T01:54:22Z
3.03,-64.8425,18.8408333333333,20.14,2026-09-08T01:58:36Z
4.4,-76.7929,4.5226,67.08,2026-09-08T02:01:34Z
4.6,159.7019,51.5605,24.871,2026-09-08T02:34:20Z
4.3,21.7065,38.3149,10.0,2026-09-08T03:25:15Z
4.3,20.8011,40.8545,10.0,2026-09-08T03:40:56Z
2.8,-162.8969,65.1967,10.335,2026-09-08T04:04:19Z
2.5,-151.618,60.639,77.6,2026-09-08T04:18:53Z
5.3,120.5995,-8.1646,10.0,2026-09-08T04:40:28Z
2.7,-154.141,56.655,38.9,2026-09-08T04:55:53Z
4.7,-69.1624,10.733,10.0,2026-09-08T06:49:48Z
5.1,-26.2578,-58.1213,128.647,2026-09-08T06:50:46Z
3.13,-155.8345,19.7613333333333,9.96,2026-09-08T06:52:45Z
2.76,-155.139833333333,19.9055,22.01,2026-09-08T07:06:48Z
2.77,-111.151666666667,44.759,10.96,2026-09-08T07:21:53Z
4.6,21.2463,38.4261,10.0,2026-09-08T07:46:29Z
3.1,-148.525,64.599,6.6,2026-09-08T09:37:50Z
4.2,-68.8859,-23.3881,99.602,2026-09-08T10:33:39Z
4.1,-161.5285,54.2361,35.0,2026-09-08T10:49:02Z
5.3,-174.1551,-18.4736,10.0,2026-09-08T11:51:09Z
2.8,-117.805166666667,35.3253333333333,6.93,2026-09-08T12:45:07Z
4.7,-68.8236,-21.4066,110.668,2026-09-08T13:42:08Z
4.5,155.7106,49.8562,64.43,2026-09-08T14:13:09Z
5.2,121.1202,-7.6809,10.0,2026-09-08T15:36:34Z
4.9,-173.3016,-16.0508,10.0,2026-09-08T15:43:57Z
4.9,83.9584,29.2076,10.0,2026-09-08T16:08:34Z
2.7,-148.31,62.864,82.3,2026-09-08T17:56:34Z
3.6,-169.499,52.207,11.6,2026-09-08T18:00:09Z
2.9,-149.249,56.322,5.0,2026-09-08T18:19:06Z
3.7,-149.1563,56.251,10.0,2026-09-08T18:20:02Z
2.64,-166.6335,53.9015,8.5,2026-09-08T19:09:54Z
3.23,-67.8091666666667,18.8671666666667,92.72,2026-09-08T19:50:10Z
2.67,-116.508,34.4721666666667,2.05,2026-09-08T21:15:59Z
4.6,120.658,-8.1535,17.467,2026-09-08T21:42:22Z
4.9,-172.2335,-17.7255,10.0,2026-09-08T21:57:33Z
4.3,122.4393,24.3989,51.12,2026-09-08T22:32:49Z
4.0,-169.4249,52.3325,49.3,2026-09-08T23:02:34Z
2.7,-101.686,31.717,6.3721,2026-09-08T23:22:45Z
4.9,148.4279,16.5996,10.0,2026-09-08T23:23:42Z
2.55,-67.3285,17.9681666666667,4.43,2026-09-09T00:04:42Z
2.7,-169.195,52.195,11.7,2026-09-09T00:22:41Z
4.5,102.8454,-4.9167,39.565,2026-09-09T00:23:19Z
3.4,-169.479,52.3902,54.851,2026-09-09T00:23:48Z
2.5,-179.586,51.648,90.7,2026-09-09T00:48:01Z
2.7,-151.994,65.567,11.8,2026-09-09T00:49:26Z
2.7,-169.63,52.525,17.2,2026-09-09T01:10:39Z
2.5,-175.049,51.625,36.2,2026-09-09T02:39:33Z
2.5,-179.826,51.482,78.2,2026-09-09T03:36:06Z
4.2,-68.6822,-22.3843,115.83,2026-09-09T04:17:35Z
2.6,-169.197,51.992,10.8,2026-09-09T04:31:52Z
3.0,178.464,51.73,105.5,2026-09-09T04:55:49Z
2.5,-169.742,52.423,3.1,2026-09-09T04:56:53Z
3.34,-67.6598333333333,17.611,16.09,2026-09-09T05:33:14Z
5.0,125.3233,4.0172,10.0,2026-09-09T07:07:03Z
2.6,-151.39,61.027,77.7,2026-09-09T07:22:20Z
2.6,-177.082,50.094,28.5,2026-09-09T09:24:20Z
2.8,-139.87,60.65,5.0,2026-09-09T09:30:17Z
5.0,-66.5049,-26.1386,10.0,2026-09-09T10:06:57Z
2.8,-144.808,61.586,39.3,2026-09-09T10:17:50Z
4.6,112.3011,34.9849,10.0,2026-09-09T10:51:39Z
3.6,173.859,51.908,20.5,2026-09-09T10:53:23Z
3.2,-147.957,56.672,5.0,2026-09-09T11:53:05Z
2.52,-118.2765,36.1533333333333,7.82,2026-09-09T12:09:05Z
4.7,-173.1193,-14.8771,10.0,2026-09-09T12:18:14Z
2.6,-175.552,51.384,23.5,2026-09-09T12:39:28Z
3.3,177.966,51.542,52.1,2026-09-09T15:16:56Z
2.6,-179.323,50.391,0.7,2026-09-09T15:50:35Z
2.6,-104.4894,32.3251,1.911,2026-09-09T16:00:21Z
5.2,169.9636,-19.8279,10.0,2026-09-09T17:01:52Z
5.1,170.0677,-19.777,10.0,2026-09-09T17:18:45Z
2.58,-122.846000671387,38.8563346862793,1.1599999666214,2026-09-09T17:19:34Z
2.63,-155.382666666667,19.0486666666667,32.44,2026-09-09T17:23:07Z
2.5,-175.99,51.303,20.8,2026-09-09T17:33:48Z
2.5,-177.895,49.943,20.0,2026-09-09T17:37:19Z
4.4,71.3973,36.4387,108.451,2026-09-09T18:02:46Z
4.6,-178.0932,-20.6521,499.414,2026-09-09T18:19:02Z
2.9,-150.659,61.247,49.6,2026-09-09T18:35:05Z
3.2,-178.459,51.07,16.0,2026-09-09T18:48:40Z
3.1,-64.585,18.9455,8.82,2026-09-09T19:01:35Z
2.71,-122.849166870117,38.855167388916,0.490000009536743,2026-09-09T19:12:04Z
4.9,170.0486,-19.7477,10.0,2026-09-09T19:15:11Z
4.3,51.5392,28.1285,10.0,2026-09-09T19:26:22Z
2.7,-158.897,56.347,6.9,2026-09-09T20:01:54Z
4.6,70.6552,38.9879,29.594,2026-09-09T20:17:13Z
4.7,169.6974,-20.9734,104.703,2026-09-09T20:21:13Z
4.3,-93.0181,14.3007,35.0,2026-09-09T21:08:31Z
4.8,74.2522,-28.5889,10.0,2026-09-09T21:29:54Z
2.8,-156.506,56.194,69.5,2026-09-09T21:38:57Z
2.7,-151.404,60.328,66.4,2026-09-09T22:01:30Z
2.5,178.828,51.621,73.7,2026-09-09T23:26:45Z
2.6,-173.549,51.569,22.7,2026-09-09T23:49:31Z
3.0,-104.408,31.64,6.3306,2026-09-10T00:15:33Z
3.79,-124.516333333333,40.2893333333333,20.34,2026-09-10T01:24:04Z
3.63,-124.531833333333,40.2908333333333,20.44,2026-09-10T01:24:48Z
4.3,-69.2508,-21.0043,122.998,2026-09-10T01:57:36Z
3.6,-151.407,63.511,5.0,2026-09-10T02:22:11Z
2.5,-169.126,51.975,11.2,2026-09-10T02:30:09Z
2.53,-122.205665588379,37.7845001220703,10.3299999237061,2026-09-10T02:52:23Z
2.5,-179.101,51.335,55.0,2026-09-10T04:15:00Z
2.5,-175.74,51.47,27.3,2026-09-10T05:06:36Z
2.7,-165.236,53.671,20.8,2026-09-10T05:10:41Z
4.2,-147.742,62.506,15.8,2026-09-10T05:18:08Z
4.4,-93.1639,14.1276,10.0,2026-09-10T06:08:47Z
5.3,-77.5027,-3.873,10.0,2026-09-10T06:42:40Z
2.7,-163.708,53.78,12.4,2026-09-10T06:49:31Z
3.2,-148.559,56.771,36.7,2026-09-10T06:50:28Z
3.1,-149.645,56.267,5.0,2026-09-10T07:06:16Z
2.8,179.582,51.938,176.0,2026-09-10T07:22:20Z
5.0,-84.0624,9.0275,10.0,2026-09-10T08:26:53Z
2.5,-153.432,57.859,53.4,2026-09-10T08:59:02Z
3.1,-98.939,28.678,6.8297,2026-09-10T09:42:57Z
3.16,-64.3048333333333,18.4903333333333,58.93,2026-09-10T09:48:30Z
2.7,-168.806,52.109,17.6,2026-09-10T10:22:43Z
4.7,-77.3635,-3.9669,22.065,2026-09-10T10:39:36Z
2.5,-159.648,54.465,29.3,2026-09-10T11:59:25Z
4.8,-65.8339,-17.8933,372.617,2026-09-10T12:05:53Z
2.5,-177.842,51.217,22.7,2026-09-10T12:47:28Z
4.3,168.3049,-44.491,10.0,2026-09-10T13:09:42Z
5.1,143.8739,12.0265,10.0,2026-09-10T13:28:15Z
4.5,-92.8815,14.0976,10.0,2026-09-10T13:29:03Z
2.8,-174.4688,51.581,10.0,2026-09-10T13:47:27Z
4.7,-90.6073,1.7027,10.0,2026-09-10T14:15:53Z
2.6,-168.741,52.039,22.3,2026-09-10T14:36:04Z
2.6,179.9653,51.6994,87.239,2026-09-10T14:50:21Z
2.6,-156.545,56.252,23.0,2026-09-10T15:25:34Z
2.89,-64.8395,18.8363333333333,75.6,2026-09-10T16:08:52Z
2.7,-169.3204,52.2916,35.0,2026-09-10T16:19:58Z
4.7,103.0684,27.1525,10.0,2026-09-10T16:53:33Z
2.9,-163.1748,53.4795,35.0,2026-09-10T16:55:18Z
4.1,35.3544,33.3321,10.0,2026-09-10T18:08:48Z
5.4,-109.1514,-34.8341,10.0,2026-09-10T18:21:18Z
5.3,127.7505,-8.5914,10.0,2026-09-10T18:44:40Z
2.97,-122.830833435059,38.849666595459,5.1100001335144,2026-09-10T20:36:17Z
3.15,-122.825836181641,38.8621673583984,3.85999989509583,2026-09-10T20:36:38Z
4.0,178.5833,51.6792,100.086,2026-09-10T21:14:01Z
2.7,-150.504,63.252,126.1,2026-09-10T21:25:18Z
2.6,-161.8418,53.8111,10.0,2026-09-10T21:38:54Z
4.9,167.3321,-13.3249,49.877,2026-09-10T22:54:14Z
4.0,-166.721,65.211,5.0,2026-09-10T23:03:10Z
2.53,-122.759002685547,38.7890014648438,0.5,2026-09-10T23:03:42Z
2.5,-159.901,54.24,25.6,2026-09-10T23:27:08Z
2.6,-162.8667,55.0008,79.741,2026-09-10T23:54:11Z
4.4,120.2972,-0.3309,10.0,2026-09-11T00:53:48Z
2.5,-177.462,51.15,29.1,2026-09-11T02:18:09Z
4.9,169.3953,-18.9259,18.748,2026-09-11T02:28:13Z
2.8,-177.356,51.173,12.6,2026-09-11T02:48:28Z
3.4,-169.19,52.098,11.1,2026-09-11T02:53:37Z
2.9,-152.598,58.991,58.0,2026-09-11T02:56:38Z
2.8,-163.445,53.096,29.7,2026-09-11T03:55:42Z
2.9,-175.465,50.587,17.4,2026-09-11T04:02:17Z
2.5,-165.02,53.154,25.2,2026-09-11T04:13:09Z
2.9,-148.838,56.678,5.0,2026-09-11T05:30:43Z
2.8,-178.3759,51.4728,8.65,2026-09-11T05:41:43Z
4.2,-92.9367,13.9298,10.0,2026-09-11T05:44:35Z
2.9,-169.168,52.167,8.3,2026-09-11T06:21:22Z
4.1,-69.4096,-19.6983,108.762,2026-09-11T07:04:54Z
2.5,-144.216,69.51,4.3,2026-09-11T07:06:53Z
4.0,-147.835,62.17,27.2,2026-09-11T07:10:22Z
2.7,-169.311,51.974,17.7,2026-09-11T07:23:56Z
4.3,123.5477,-0.2532,160.28,2026-09-11T07:24:10Z
2.7,-169.362,51.998,18.7,2026-09-11T07:29:54Z
4.5,-163.1555,54.034,43.105,2026-09-11T07:31:45Z
2.9,-163.006,53.924,7.9,2026-09-11T07:42:31Z
3.75,-65.2708,19.3271,90.0,2026-09-11T08:12:14Z
2.5,-162.973,53.93,11.3,2026-09-11T08:39:25Z
2.9,-174.757,50.756,3.1,2026-09-11T08:43:53Z
4.4,4.4667,79.5748,10.0,2026-09-11T08:59:58Z
2.9,-179.555,50.907,1.9,2026-09-11T09:45:47Z
2.62,-117.992166666667,34.9093333333333,8.28,2026-09-11T10:19:23Z
5.3,-178.5429,51.213,40.892,2026-09-11T10:47:12Z
3.1,-178.438,51.087,18.8,2026-09-11T10:51:55Z
4.3,-178.434,51.109,13.8,2026-09-11T10:52:51Z
3.1,-178.487,51.083,20.3,2026-09-11T10:56:26Z
2.7,-178.405,51.072,20.3,2026-09-11T11:07:17Z
2.5,-178.258,51.194,24.0,2026-09-11T11:11:32Z
2.5,-178.435,51.112,30.1,2026-09-11T11:13:35Z
3.41,-65.3958333333333,19.2515,20.23,2026-09-11T11:40:29Z
2.5,-178.4,51.056,17.2,2026-09-11T11:40:39Z
5.9,128.9383,-7.2863,111.763,2026-09-11T11:56:23Z
2.5,-178.486,51.134,34.6,2026-09-11T12:06:40Z
2.8,-179.367,50.973,16.9,2026-09-11T13:05:31Z
2.6,-179.123,51.597,87.8,2026-09-11T14:05:59Z
2.7,-178.409,51.08,19.9,2026-09-11T14:14:04Z
4.9,-178.9346,-32.6035,35.0,2026-09-11T15:44:35Z
2.58,-155.373833333333,19.2013333333333,30.7,2026-09-11T15:58:12Z
2.6,-169.296,52.103,13.6,2026-09-11T16:10:55Z
4.7,-76.8325,4.4193,61.088,2026-09-11T16:42:30Z
4.2,96.6409,26.3827,123.199,2026-09-11T17:56:20Z
3.1,-162.6,54.61,62.5,2026-09-11T18:05:56Z
2.5,-178.438,51.136,20.7,2026-09-11T18:09:36Z
3.2,-169.362,52.13,13.3,2026-09-11T18:24:57Z
2.7,179.845,51.266,17.2,2026-09-11T18:36:06Z
4.4,143.3706,40.1316,32.374,2026-09-11T18:53:32Z
4.4,143.2346,12.9968,197.014,2026-09-11T18:59:48Z
2.6,-179.523,51.02,9.3,2026-09-11T19:12:29Z
3.3,-156.9662,53.903,10.0,2026-09-11T19:14:24Z
2.6,178.715,51.5,12.4,2026-09-11T19:16:38Z
3.2,-152.967,56.294,22.7,2026-09-11T19:17:06Z
2.6,-152.768,56.155,13.1,2026-09-11T19:41:36Z
2.5,-152.782,56.305,20.1,2026-09-11T19:48:41Z
4.1,-73.2043,18.9717,10.0,2026-09-11T20:56:41Z
6.5,106.8742,-4.9832,372.0,2026-09-11T21:23:55Z
4.0,-92.9171,14.3927,35.0,2026-09-11T21:31:39Z
2.6,-178.386,51.083,14.6,2026-09-11T21:41:00Z
4.9,-75.8153,-45.7183,10.0,2026-09-11T22:32:23Z
2.9,-139.9761,60.5682,5.0,2026-09-11T22:49:54Z
2.9,-96.6525,35.79683333,7.6,2026-09-11T23:27:37Z
4.5,-73.8803,-15.606,98.772,2026-09-12T00:18:59Z
2.6,-103.293,32.2661,8.265,2026-09-12T00:22:12Z
2.7,-149.634,60.713,24.3,2026-09-12T00:28:57Z
5.1,-24.9274,-59.1348,10.0,2026-09-12T00:55:08Z
3.2,-115.1751,44.348,10.0,2026-09-12T01:52:47Z
4.7,-82.7898,8.3545,10.0,2026-09-12T01:59:50Z
3.53,-64.9091,18.9328,79.0,2026-09-12T02:43:30Z
3.4,-64.8856666666667,19.2696666666667,61.47,2026-09-12T02:47:25Z
4.6,120.6778,-8.2634,10.0,2026-09-12T03:34:57Z
3.5,-178.46,51.132,19.4,2026-09-12T03:43:22Z
3.63,-65.5476,19.6536,19.0,2026-09-12T04:01:16Z
2.56,-122.301166666667,48.4213333333333,13.39,2026-09-12T04:17:36Z
3.1,-173.115,50.308,20.0,2026-09-12T04:47:18Z
2.9,-169.86,51.365,20.0,2026-09-12T05:03:55Z
4.7,126.5851,1.0665,44.24,2026-09-12T05:08:24Z
2.9,-153.262,59.823,130.6,2026-09-12T05:08:24Z
3.79,-109.806,41.7515,3.82,2026-09-12T05:25:49Z
4.8,130.5082,-6.0912,134.354,2026-09-12T06:14:30Z
2.8,-157.267,53.896,23.2,2026-09-12T06:27:03Z
3.9,-149.049,62.834,70.3,2026-09-12T06:38:26Z
2.7,-113.5804,45.6383,23.263,2026-09-12T06:44:00Z
3.53,-64.5776,18.9516,9.0,2026-09-12T06:45:20Z
3.1,-172.584,51.826,10.9,2026-09-12T07:22:53Z
3.36,-121.800331115723,37.8728332519531,17.8899993896484,2026-09-12T07:25:55Z
2.62,-118.3025,33.9298333333333,19.12,2026-09-12T07:34:56Z
2.7,-172.82,51.618,0.0,2026-09-12T07:47:38Z
4.2,-92.4769,14.0675,35.0,2026-09-12T08:17:32Z
4.5,-76.2161,-14.4855,24.123,2026-09-12T08:46:38Z
3.51,-67.726,19.0138,76.0,2026-09-12T08:58:42Z
4.9,166.3361,-13.2829,16.926,2026-09-12T09:35:46Z
2.61,-155.275,19.3885,1.9,2026-09-12T09:38:15Z
2.6,-66.8103333333333,17.9803333333333,14.39,2026-09-12T09:52:33Z
3.6,-167.1013,53.1746,38.859,2026-09-12T10:14:22Z
2.54,-118.073666666667,33.2441666666667,12.32,2026-09-12T11:03:25Z
4.9,-26.7513,-56.3022,98.187,2026-09-12T11:05:46Z
2.95,-118.0675,33.2541666666667,10.77,2026-09-12T11:11:59Z
3.31,-118.065,33.2588333333333,10.68,2026-09-12T11:13:58Z
4.7,-76.809,4.4114,77.309,2026-09-12T11:16:12Z
2.65,-118.304,33.9373333333333,19.44,2026-09-12T11:32:19Z
3.6,-67.7338,19.4501,69.0,2026-09-12T11:48:02Z
2.9,-152.522,59.996,102.9,2026-09-12T13:26:33Z
3.3,177.174,50.138,17.8,2026-09-12T15:08:27Z
4.7,167.2217,-14.6467,188.104,2026-09-12T15:56:09Z
3.56,-64.5933,18.9743,8.0,2026-09-12T16:51:23Z
2.6,-173.197,52.188,3.9,2026-09-12T17:25:16Z
4.8,20.2555,38.1387,33.956,2026-09-12T17:51:45Z
2.9,-178.879,49.485,20.0,2026-09-12T18:26:16Z
2.9,-122.764503479004,38.8211669921875,1.0900000333786,2026-09-12T18:39:21Z
2.5,-179.184,50.788,11.6,2026-09-12T19:06:58Z
2.8,-157.2289,53.963,10.0,2026-09-12T19:09:26Z
3.5,-146.12,61.29,12.7,2026-09-12T19:18:05Z
5.1,130.3787,29.3244,45.513,2026-09-12T20:32:58Z
3.41,-65.2731666666667,19.5828333333333,72.04,2026-09-12T20:54:55Z
4.3,152.3384,-3.4008,366.985,2026-09-12T22:14:03Z
4.3,166.08,-10.7938,188.728,2026-09-12T22:40:25Z
3.13,-112.8995,38.5141666666667,3.65,2026-09-12T22:52:29Z
3.4,-65.3286666666667,19.7658333333333,21.65,2026-09-12T23:01:48Z
4.1,136.4639,34.0948,363.517,2026-09-13T00:27:14Z
2.9,-104.336,31.751,7.074,2026-09-13T00:58:24Z
3.9,-178.53,51.2163,38.724,2026-09-13T02:08:42Z
3.51,-65.3013,18.8401,16.0,2026-09-13T03:00:07Z
3.63,-65.2498,19.5855,13.0,2026-09-13T03:23:40Z
3.4,-65.3446666666667,19.5111666666667,7.94,2026-09-13T03:23:41Z
3.39,-64.34,18.8836666666667,10.29,2026-09-13T03:34:13Z
2.56,-118.735666666667,33.7738333333333,-0.13,2026-09-13T03:47:00Z
4.9,142.2525,26.3045,10.0,2026-09-13T03:50:32Z
2.9,-104.432,31.661,6.0999,2026-09-13T06:54:23Z
5.2,167.4363,-15.2195,135.084,2026-09-13T07:19:21Z
5.0,171.3544,-22.2281,98.813,2026-09-13T07:30:23Z
4.7,141.2715,41.5125,120.372,2026-09-13T08:31:15Z
3.0,-163.203,53.509,9.8,2026-09-13T08:39:19Z
3.5,-178.036,51.043,20.0,2026-09-13T10:02:36Z
3.4,-145.644,65.783,0.5,2026-09-13T10:02:57Z
3.4,-104.432,31.661,6.0999,2026-09-13T10:20:00Z
3.53,-65.3043,19.557,16.0,2026-09-13T10:59:51Z
2.5,-159.873,56.072,0.4,2026-09-13T11:55:47Z
3.9,-72.5473,-33.3311,10.0,2026-09-13T12:36:14Z
2.71,-119.0541,39.3122,6.8806,2026-09-13T13:33:24Z
2.8,-152.211,60.792,103.6,2026-09-13T13:39:12Z
2.53,-123.288497924805,39.417667388916,5.21999979019165,2026-09-13T13:55:36Z
3.22,-65.2633333333333,19.4113333333333,79.99,2026-09-13T14:06:10Z
4.3,-178.452,-17.8176,623.081,2026-09-13T15:58:23Z
3.42,-67.2978333333333,18.8685,5.05,2026-09-13T16:10:58Z
2.63,-119.0615,39.3112,7.3772,2026-09-13T17:30:45Z
4.3,-73.0464,6.8511,153.773,2026-09-13T17:55:25Z
3.95,-155.480833333333,19.1606666666667,12.87,2026-09-13T18:00:23Z
2.65,-155.4865,19.168,11.36,2026-09-13T18:20:46Z
4.2,121.4016,23.5992,12.223,2026-09-13T19:21:35Z
4.7,-66.5753,-26.1559,10.0,2026-09-13T19:40:25Z
4.9,168.8337,-20.2006,10.0,2026-09-13T19:41:43Z
2.9,-174.0051,50.3062,22.547,2026-09-13T21:57:13Z
2.55,-121.803169250488,37.8741683959961,16.7999992370605,2026-09-13T22:06:06Z
5.1,120.3822,-8.1597,10.0,2026-09-13T22:40:01Z
4.6,121.6019,22.7398,10.0,2026-09-13T22:44:41Z
4.4,-179.619,-23.5079,438.237,2026-09-13T23:41:31Z
4.6,120.3101,-8.1301,10.0,2026-09-14T00:53:47Z
4.3,58.7296,35.6646,10.0,2026-09-14T01:38:51Z
4.8,112.9014,-9.2825,33.378,2026-09-14T01:42:08Z
5.4,-45.3828,25.5449,10.0,2026-09-14T02:56:17Z
2.5,179.332,51.504,71.9,2026-09-14T03:45:33Z
2.6,-176.39,51.18,9.9,2026-09-14T04:38:42Z
4.4,-66.9986,-24.1313,189.041,2026-09-14T05:03:12Z
2.5,-149.406,60.657,7.1,2026-09-14T05:58:03Z
4.5,144.6082,-5.0593,99.155,2026-09-14T06:19:11Z
2.57,-98.04633333,35.6115,6.6,2026-09-14T06:26:30Z
4.5,142.2375,37.1853,35.0,2026-09-14T07:33:04Z
4.5,101.406,23.2962,10.0,2026-09-14T09:07:29Z
5.5,105.8726,-8.5419,10.0,2026-09-14T09:27:38Z
3.3,-164.682,53.315,28.1,2026-09-14T10:29:07Z
5.6,128.1704,2.4223,162.179,2026-09-14T10:58:03Z
4.6,141.5344,37.6068,51.32,2026-09-14T10:59:54Z
2.7,-153.417,59.815,134.9,2026-09-14T11:14:37Z
3.0,-154.163,56.201,46.0,2026-09-14T11:26:10Z
2.9,-164.33,52.617,20.0,2026-09-14T11:32:32Z
4.2,-178.5152,-17.9042,595.732,2026-09-14T11:45:18Z
2.99,-121.809829711914,37.8748321533203,16.9200000762939,2026-09-14T13:47:28Z
3.34,-119.5801,40.6068,11.0,2026-09-14T14:12:05Z
4.5,-76.7002,4.5649,76.094,2026-09-14T14:57:11Z
2.7,179.489,51.013,24.6,2026-09-14T16:04:28Z
5.2,157.7415,-8.9454,10.0,2026-09-14T16:15:05Z
4.6,128.1204,-1.8912,10.0,2026-09-14T17:55:15Z
4.8,-77.3609,-3.7302,106.2,2026-09-14T19:16:49Z
2.9,179.794,51.062,3.3,2026-09-14T19:18:18Z
3.2,-68.2376666666667,19.0886666666667,13.92,2026-09-14T19:44:26Z
4.9,-76.7446,4.4944,59.835,2026-09-14T20:02:04Z
4.6,-76.7695,4.4474,74.903,2026-09-14T20:08:07Z
2.5,-178.585,51.061,41.9,2026-09-14T20:31:30Z
5.3,-104.4352,15.0879,10.0,2026-09-14T20:38:59Z
4.9,-76.8814,4.5523,48.051,2026-09-14T21:13:16Z
2.96,-66.7236666666667,18.6081666666667,76.28,2026-09-14T21:15:13Z
2.9,179.493,51.441,67.1,2026-09-14T21:24:13Z
5.0,146.5257,-6.3071,119.787,2026-09-14T22:06:53Z
4.6,-76.8222,4.4893,67.09,2026-09-14T22:39:03Z
4.2,-93.2899,14.6326,35.0,2026-09-14T22:43:04Z
4.9,174.1408,-40.325,97.616,2026-09-14T22:44:47Z
3.0,-169.336,52.07,18.8,2026-09-14T22:51:57Z
4.4,105.396,-8.8724,10.0,2026-09-14T23:09:49Z
3.1,-178.637,49.931,20.0,2026-09-15T01:27:54Z
3.4,177.929,50.267,20.0,2026-09-15T02:18:18Z
2.58,-124.011665344238,40.560001373291,24.2299995422363,2026-09-15T03:36:20Z
3.36,-64.7423333333333,18.2641666666667,125.54,2026-09-15T03:44:35Z
3.38,-110.084166666667,41.5153333333333,4.39,2026-09-15T04:33:10Z
4.8,170.0923,-21.5813,98.74,2026-09-15T04:52:26Z
4.8,130.3422,-6.6349,83.829,2026-09-15T06:07:52Z
2.86,-66.9961666666667,17.9715,13.23,2026-09-15T06:21:48Z
3.28,-124.485000610352,40.2934989929199,8.98999977111816,2026-09-15T07:18:06Z
2.6,-148.715,68.608,5.0,2026-09-15T07:50:18Z
3.2,-104.134,31.655,6.0999,2026-09-15T08:48:29Z
3.81,-125.665666666667,48.6418333333333,4.98,2026-09-15T09:30:49Z
4.3,-144.23,69.542,6.6,2026-09-15T09:51:38Z
